{
    "$schema": "https://schema.management.azure.com/schemas/2019-08-01/deploymentTemplate.json#",
    "contentVersion": "1.0.0.0",
    "parameters": {
        "serviceBusName": {
            "type": "string",
            "metadata": {
                "description": "The service bus resource name"
            }
        },
        "topicName": {
            "type": "string",
            "metadata": {
                "description": "The service bus topic name"
            }
        },
        "topicProperties": {
            "type": "object",
            "defaultValue": {
                "defaultMessageTimeToLive": "PT1H",
                "maxSizeInMegabytes": 1024,
                "requiresDuplicateDetection": false,
                "duplicateDetectionHistoryTimeWindow": "PT10M",
                "enableBatchedOperations": true,
                "status": "Active",
                "supportOrdering": true,
                "autoDeleteOnIdle": "P10675199DT2H48M5.4775807S",
                "enablePartitioning": false,
                "enableExpress": false
            },
            "metadata": {
                "description": "Properties of topics resource. SBTopicProperties",
                "type": "SBTopicProperties",
                "seealso": "https://docs.microsoft.com/en-us/azure/templates/microsoft.servicebus/namespaces/topics#sbtopicproperties-object"
            }
        }
    },
    "variables": {
        "topicName": "[concat(parameters('serviceBusName'), '/', parameters('topicName'))]"
    },
    "resources": [
        {
            "name": "[variables('topicName')]",
            "type": "Microsoft.ServiceBus/namespaces/topics",
            "apiVersion": "2017-04-01",
            "properties": "[parameters('topicProperties')]"
        }
    ]
}