{
    "$schema": "https://schema.management.azure.com/schemas/2019-04-01/deploymentTemplate.json#",
    "contentVersion": "1.0.0.0",
    "parameters": {
      "sharedResourceTags": {
        "type": "object",
        "defaultValue": {
        },
        "metadata": {
          "description": "Tags for resources that are shared across an environment"
        }
      },
      "environmentName": {
        "type": "string",
        "metadata": {
          "description": "The environment (e.g. Dev, SIT, UAT, Prod)"
        },
        "defaultValue": "Dev",
        "minLength": 1
      },
      "redisCacheName": {
        "type": "string",
        "metadata": {
          "description": "The redis cache resource name"
        }
      },
      "redisVersion": {
        "type": "string",
        "defaultValue": "4.0.14",
        "metadata": {
          "description": "The redis cache version"
        }
      },
      "sku": {
        "type": "object",
        "defaultValue": {
          "name": "Standard",
          "family": "C",
          "capacity": 1
        },
        "metadata": {
          "description": "Redis cache sku",
          "seealso": "https://docs.microsoft.com/en-us/azure/templates/microsoft.cache/2020-12-01/redis?tabs=json#rediscommonpropertiesredisconfiguration"
        }
      },
      "redisConfiguration": {
        "type": "object",
        "defaultValue": {
          "maxmemory-reserved": "50",
          "maxfragmentationmemory-reserved": "50",
          "maxmemory-delta": "50"
        },
        "metadata": {
          "description": "Redis cache configuration",
          "seealso": "https://docs.microsoft.com/en-us/azure/templates/microsoft.cache/2020-12-01/redis?tabs=json#rediscommonpropertiesredisconfiguration"
        }
      },
      "region": {
        "type": "Object",
        "metadata": {
          "description": "The output from a GetRegion deployment. { prefix: string, isPrimary:bool }"
        },
        "defaultValue": {
          "prefix": "",
          "isPrimary": true
        }
      },
      "enableDiagnostics": {
        "type": "bool",
        "defaultValue": true
      },
      "diagnosticsWorkspaceResourceId": {
        "type": "string",
        "metadata": {
          "description": "Resource Id for Log Storage account"
        },
        "defaultValue": ""
      },
      "diagnosticsStorageResourceId": {
        "type": "string",
        "metadata": {
          "description": "Resource Id for Log Analytics Workspace"
        },
        "defaultValue": ""
      }
    },
    "variables": {
        "useEnvName": "[not(equals(parameters('environmentName'), 'Prod'))]",
        "envSuffix": "[if(variables('useEnvName'),concat('-',parameters('environmentName')),'')]",
        "prefix": "[if(startsWith(parameters('redisCacheName'), 'redis-'), '', 'redis-' )]",
        "redisCacheName": "[toLower(concat(variables('prefix'), take(parameters('redisCacheName'),48), parameters('region').prefix, variables('envSuffix')))]",

        // dynamically create diagnosticsSettings.properties to allow for storage or workspace to be optional
        "diagnosticsBase": {
            "name": "diagnostics",
            "logs": [
                {
                    "category": "ConnectedClientList",
                    "enabled": true
                }
            ],
            "metrics": [
                {
                    "category": "AllMetrics",
                    "enabled": true
                }
            ]
        },
        "diagnosticsStorage": "[if(empty(parameters('diagnosticsStorageResourceId')), json('{}'), json(concat('{\"storageAccountId\":\"', parameters('diagnosticsStorageResourceId'),'\"}')) )]",
        "diagnosticsWorkspace": "[if(empty(parameters('diagnosticsWorkspaceResourceId')), json('{}'), json(concat('{\"workspaceId\":\"', parameters('diagnosticsWorkspaceResourceId'),'\"}')) )]",
        "diagnosticsProperties": "[union(variables('diagnosticsBase'), variables('diagnosticsStorage'), variables('diagnosticsWorkspace'))]"
    },
    "resources": [
        {
            "type": "Microsoft.Cache/Redis",
            "apiVersion": "2020-12-01",
            "name": "[variables('redisCacheName')]",
            "location": "[resourceGroup().location]",
            "tags": "[parameters('sharedResourceTags')]",
            "properties": {
                "redisVersion": "[parameters('redisVersion')]",
                "minimumTlsVersion": "1.2",
                "enableNonSslPort": false,
                "publicNetworkAccess": "Disabled",
                "sku": "[parameters('sku')]",
                "redisConfiguration": "[parameters('redisConfiguration')]"
            },
            "resources": [
                {
                    "type": "providers/diagnosticSettings",
                    "name": "microsoft.insights/diagnostics",
                    "dependsOn": [
                        "[resourceId('Microsoft.Cache/Redis', variables('redisCacheName'))]"
                    ],
                    "condition": "[parameters('enableDiagnostics')]",
                    "apiVersion": "2017-05-01-preview",
                    "properties": "[variables('diagnosticsProperties')]"
                }
            ]
        }
    ],
    "outputs": {
        "redisCacheName": {
            "type": "string",
            "value": "[variables('redisCacheName')]"
        },
        "redisCacheId": {
            "type": "string",
            "value": "[resourceId('Microsoft.Cache/Redis', variables('redisCacheName'))]"
        }
    }
}