{
    "$schema": "https://schema.management.azure.com/schemas/2019-08-01/deploymentTemplate.json#",
    "contentVersion": "1.0.0.0",
    "parameters": {
        "defaultTags": {
            "type": "object",
            "defaultValue": {
            },
            "metadata": {
                "description": "Tags for resources that are created per branch"
            }
        },
        "serviceBusName": {
            "type": "string",
            "metadata": {
                "description": "Name of the service bus namespace."
            }
        },
        "serviceBusTopicName": {
            "type": "string",
            "metadata": {
                "description": "Name of the service bus topic."
            }
        },
        "rights": {
            "type": "array",
            "metadata": {
                "description": "Access control rights"
            },
            "defaultValue": [ "Listen" ]
        },
        "authorizationRuleName": {
            "type": "string",
            "metadata": {
                "description": "The name for the authorisation rule"
            }
        }
    },
    "variables": {
    },
    "resources": [
        {
            "type": "Microsoft.ServiceBus/namespaces/topics/authorizationRules",
            "apiVersion": "2017-04-01",
            "name": "[format('{0}/{1}/{2}', parameters('serviceBusName'), parameters('serviceBusTopicName'), parameters('authorizationRuleName'))]",
            "location": "[resourceGroup().location]",
            "tags": "[parameters('defaultTags')]",
            "properties": {
                "rights": "[parameters('rights')]"
            }
        }
    ],
    "functions": [
        {
            "namespace": "this",
            "members": {
                "stripEntityPathFromServiceBusConnectionString": {
                    "parameters": [
                        {
                            "name": "connectionString",
                            "type": "string"
                        }
                    ],
                    "output": {
                        "type": "string",
                        "value": "[if(greater(indexOf(parameters('connectionString'), 'EntityPath'), 0), take(parameters('connectionString'), indexOf(parameters('connectionString'), 'EntityPath')), parameters('connectionString'))]"
                    }
                }
            }
        }
    ],
    "outputs": {
        "topicName": {
            "type": "string",
            "value": "[parameters('serviceBusTopicName')]"
        },
        "connectionString": {
            "type": "string",
            "value": "[this.stripEntityPathFromServiceBusConnectionString(listKeys(resourceId('Microsoft.ServiceBus/namespaces/topics/authorizationRules', parameters('serviceBusName'), parameters('serviceBusTopicName'), parameters('authorizationRuleName')), '2017-04-01').primaryConnectionString)]"
        }
    }
}