{
    "$schema": "https://schema.management.azure.com/schemas/2019-08-01/deploymentTemplate.json#",
    "contentVersion": "1.0.0.0",
    "parameters": {
        "containerName": {
            "type": "string",
            "metadata": {
                "description": "The function app name"
            }
        },
        "storageAccountName": {
            "type": "string",
            "metadata": {
                "description": "The storage account name"
            }
        },
        "branchPath": {
            "type": "string",
            "metadata": {
                "description": "The branch path"
            }
        },
        "projectName": {
            "type": "string",
            "metadata": {
                "description": "The name of the project to be included in the resource names"
            }
        },
        "majorVersion": {
            "type": "string",
            "metadata": {
                "description": "The major version of the application"
            }
        }
    },
    "variables": {
    },
    "resources": [
        {
            //Docs https://docs.microsoft.com/en-us/azure/templates/microsoft.storage/storageaccounts/blobservices/containers?tabs=json
            "apiVersion": "2019-06-01",
            "type": "Microsoft.Storage/storageAccounts/blobServices/containers",
            "name": "[concat(parameters('storageAccountName'),'/default/', parameters('containerName'))]",
            "properties": {
                "metadata": {
                    "Branch": "[parameters('branchPath')]",
                    "AppName": "[parameters('projectName')]",
                    "Version": "[parameters('majorVersion')]"
                }
            }
        }
    ],
    "outputs": {
    }
}