{
    "$schema": "https://schema.management.azure.com/schemas/2019-08-01/deploymentTemplate.json#",
    "contentVersion": "1.0.0.0",
    "parameters": {
        "storageAccountName": {
            "type": "string",
            "metadata": {
                "description": "Name of the storage account"
            },
            "defaultValue": ""
        },
        "storageSku": {
            "type": "string",
            "defaultValue": "Standard_LRS",
            "allowedValues": [
                "Standard_LRS",
                "Standard_GRS",
                "Standard_RAGRS"
            ]
        },
        "storageKind": {
            "type": "string",
            "defaultValue": "StorageV2"
        },
        "containerName": {
            "type": "string"
        },
        "sasTokenExpiry": {
            "type": "string",
            "defaultValue": ""
        },
        "accountSasProperties": {
            "type": "object",
            "defaultValue": {
                "signedServices": "b",
                "signedPermission": "rl",
                "signedExpiry": "[parameters('sasTokenExpiry')]",
                "signedResourceTypes": "o"
            }
        },
        "blobAccountName": {
            "type": "string",
            "defaultValue": ""
        },
        "majorVersion": {
            "type": "string",
            "metadata": {
                "description": "The major version of the application"
            },
            "defaultValue": ""
        },
        "environmentName": {
            "type": "string",
            "metadata": {
                "description": "The environment (e.g. Dev, SIT, UAT, Prod)"
            },
            "defaultValue": "Dev",
            "minLength": 1
        },
        "branchPath": {
            "type": "string",
            "metadata": {
                "description": "The branch path"
            },
            "defaultValue": ""
        },
        "defaultTags": {
            "type": "object",
            "defaultValue": {
            },
            "metadata": {
                "description": "Tags for resources that are created per branch"
            }
        },
        "sharedResourceTags": {
            "type": "object",
            "defaultValue": {
            },
            "metadata": {
                "description": "Tags for resources that are shared across an environment"
            }
        },
        "selectedNetworksOnly": {
            "type": "bool",
            "defaultValue": false,
            "metadata": {
                "description": "Whether to limit to only selected networks in firewall"
            }
        },
        "virtualNetworkRules": {
            "type": "array",
            "defaultValue": [],
            "metadata": {
                "description": "See https://docs.microsoft.com/en-us/azure/templates/microsoft.storage/storageaccounts#virtualnetworkrule-object"
            }
        },
        "ipRules": {
            "type": "array",
            "defaultValue": [],
            "metadata": {
                "description": "See https://docs.microsoft.com/en-us/azure/templates/microsoft.storage/storageaccounts#iprule-object"
            }
        },
        "region": {
            "type": "Object",
            "metadata": {
                "description": "The output from a GetRegion deployment. { prefix: string, isPrimary:bool }"
            },
            "defaultValue": {
                "code": "",
                "isPrimary": true
            }
        }
    },
    "variables": {
        "branchName": "[toLower(last(split(parameters('branchPath'), '/')))]",
        "useEnvName": "[not(equals(parameters('environmentName'), 'Prod'))]",
        "envSuffix": "[if(variables('useEnvName'),parameters('environmentName'),'')]",
        "useBranchName": "[not(or(equals(variables('branchName'),'master'), equals(variables('branchName'),'')))]",
        "branchSuffix": "[if(variables('useBranchName'),concat('-',variables('branchName')),'')]",
        "useVersionSuffix": "[not(equals(parameters('majorVersion'), ''))]",
        "versionSuffix": "[if(variables('useVersionSuffix'),concat('-v', parameters('majorVersion')), '')]",
        "useRegionSuffix": "[not(empty(parameters('region').code))]",
        "regionSuffix": "[if(variables('useRegionSuffix'), parameters('region').code, '')]",
        "resgpguid": "[substring(replace(guid(resourceGroup().id), '-', ''), 0, 6)]",
        "accountPrefix": "[if(startsWith(parameters('blobAccountName'), 'st'),'','st')]",
        "blobAccountName": "[toLower(take(replace(parameters('blobAccountName'), '-',''), 18))]",
        "stAccountName": "[if(not(empty(parameters('blobAccountName'))), toLower(concat(variables('accountPrefix'), variables('blobAccountName'), variables('regionSuffix'), variables('envSuffix'))), concat('st', variables('resgpguid')))]",
        //"storageAccountName": "[replace(if(not(empty(parameters('blobAccountName'))), toLower(concat(take(replace(concat(variables('accountPrefix'), parameters('blobAccountName'),variables('envSuffix')),'-',''),11),uniqueString(variables('envSuffix')))), concat('st', variables('resgpguid'))),'-','')]",
        "containerName": "[concat(parameters('containerName'), variables('versionSuffix'), variables('branchSuffix'))]",
        "generateSasToken": "[not(empty(parameters('sasTokenExpiry')))]",
        "storageAccountName": "[if(empty(parameters('storageAccountName')), toLower(variables('stAccountName')), toLower(parameters('storageAccountName')))]"
    },
    "resources": [
        {
            "type": "Microsoft.Storage/storageAccounts",
            "name": "[variables('storageAccountName')]",
            "apiVersion": "2018-07-01",
            "sku": {
                "name": "[parameters('storageSku')]"
            },
            "kind": "[parameters('storageKind')]",
            "tags": "[parameters('sharedResourceTags')]",
            "location": "[resourceGroup().location]",
            "properties": {
                "networkAcls": {
                    "bypass": "AzureServices",
                    "virtualNetworkRules": "[parameters('virtualNetworkRules')]",
                    "ipRules": "[parameters('ipRules')]",
                    "defaultAction": "[if(parameters('selectedNetworksOnly'), 'Deny', 'Allow')]"
                },
                "supportsHttpsTrafficOnly": true,
                "encryption": {
                    "services": {
                        "file": {
                            "enabled": true
                        },
                        "blob": {
                            "enabled": true
                        }
                    },
                    "keySource": "Microsoft.Storage"
                },
                "accessTier": "Hot"
            },
            "resources": [
                {
                    "name": "[concat('default/', variables('containerName'))]",
                    "condition": "[not(empty(parameters('containerName')))]",
                    "type": "blobServices/containers",
                    "apiVersion": "2018-07-01",
                    "dependsOn": [
                        "[variables('storageAccountName')]"
                    ]
                }
            ]
        }
    ],
    "outputs": {
        "storageAccountName": {
            "type": "string",
            "value": "[variables('storageAccountName')]"
        },
        "storageAccountId": {
            "type": "string",
            "value": "[resourceId('Microsoft.Storage/storageAccounts', variables('storageAccountName'))]"
        },
        "storageAccountSasToken": {
            "type": "string",
            "value": "[concat('?', listAccountSas(variables('storageAccountName'), '2018-07-01', parameters('accountSasProperties')).accountSasToken)]",
            "condition": "[variables('generateSasToken')]"
        },
        "storageAccountKey": {
            "type": "string",
            "value": "[listKeys(variables('storageAccountName'), '2019-06-01').keys[0].value]"
        },
        "storageConnectionString": {
            "type": "string",
            "value": "[concat('DefaultEndpointsProtocol=https;AccountName=', variables('storageAccountName'), ';AccountKey=', listKeys(resourceId(resourceGroup().name, 'Microsoft.Storage/storageAccounts', variables('storageAccountName')), '2019-06-01').keys[0].value)]"
        },
        "storageContainerName": {
            "type": "string",
            "value": "[variables('containerName')]",
            "condition": "[not(empty(parameters('containerName')))]"
        },
        "storageContainerUri": {
            "type": "string",
            "value": "[concat(reference(resourceId('Microsoft.Storage/storageAccounts', variables('storageAccountName'))).primaryEndpoints.blob, variables('containerName'))]",
            "condition": "[not(empty(parameters('containerName')))]"
        }
    }
}