{
    "$schema": "https://schema.management.azure.com/schemas/2019-08-01/deploymentTemplate.json#",
    "contentVersion": "1.0.0.0",
    "parameters": {
        "funcAppName": {
            "type": "string",
            "metadata": {
                "description": "Name of the web app"
            },
            "defaultValue": ""
        },
        "defaultTags": {
            "type": "object",
            "defaultValue": {
            },
            "metadata": {
                "description": "Tags for resources that are created per branch"
            }
        },
        "appName": {
            "type": "string",
            "defaultValue": "application name"
        },
        "environmentName": {
            "type": "string",
            "metadata": {
                "description": "The environment (e.g. Dev, SIT, UAT, Prod)"
            },
            "defaultValue": "Dev",
            "minLength": 1
        },
        "branchPath": {
            "type": "string",
            "metadata": {
                "description": "The branch path"
            },
            "defaultValue": ""
        },
        "vnetName": {
            "type": "string",
            "defaultValue": "",
            "metadata": {
                "description": "Virtual Network name of Apim instance."
            }
        },
        "vnetResourceGroupName": {
            "type": "string",
            "defaultValue": "",
            "metadata": {
                "description": "The Resource Group containing the Virtual Network"
            }
        },
        "majorVersion": {
            "type": "string",
            "metadata": {
                "description": "The major version of the application"
            }
        },
        "appSubnetName": {
            "type": "string",
            "defaultValue": "",
            "metadata": {
                "description": "Subnet Name within the Virtual Network."
            }
        },
        "hubVnetName": {
            "type": "string",
            "defaultValue": "",
            "metadata": {
                "description": "Hub virtual network name."
            }
        },
        "hubSubnetName": {
            "type": "string",
            "defaultValue": "",
            "metadata": {
                "description": "Subnet Name within the Hub Virtual Network."
            }
        },
        "enableDiagnostics": {
            "type": "bool",
            "defaultValue": false
        },
        "diagnosticsWorkspaceResourceId": {
            "type": "string",
            "metadata": {
                "description": "Resource Id for Log Storage account"
            },
            "defaultValue": ""
        },
        "diagnosticsStorageResourceId": {
            "type": "string",
            "metadata": {
                "description": "Resource Id for Log Analytics Workspace"
            },
            "defaultValue": ""
        },
        "enableVnetIntegration": {
            "type": "bool",
            "defaultValue": false
        },
        "apiManagementId": {
            "type": "string",
            "defaultValue": ""
        },
        "servicePlanName": {
            "type": "string",
            "metadata": {
                "description": "The name of the app service plan to use. If not provided, one will be created."
            },
            "defaultValue": ""
        },
        "region": {
            "type": "Object",
            "metadata": {
                "description": "The output from a GetRegion deployment. { prefix: string, isPrimary:bool }"
            },
            "defaultValue": {
                "prefix": "",
                "isPrimary": true
            }
        },
        "servicePlanResourceGroup": {
            "type": "string",
            "metadata": {
                "description": "name of the resource group which contains the app service plan"
            }
        },
        "ipSecurityRestrictions": {
            "type": "array",
            "metadata": {
                "description": "Use this object to set ip firewall rules at the web app level"
            },
            "defaultValue": []
        },
        "userIdentity": {
            "type": "string",
            "metadata": {
                "description": "The name of the user assigned identity to in conjunction with the system assigned identity. This is required for branch deployments that use managed identities so that they can use pre-defined identities for resource access."
            },
            "defaultValue": ""
        },
	    "webAppHealthcheckPath": {
            "type": "string",
            "metadata": {
                "description": "The healthcheck endpoint to be called by the Azure Portal Healthcheck Function"
            },
            "defaultValue": "/api/healthcheck"
        },
        "netFrameworkVersion": {
            "type": "string",
            "metadata" :{
                "description" : "The .NET Framework version used for Function Apps. The default is v4.0 for V3 Function Apps"
            },
            "defaultValue":"v4.0"
        },
        "use32BitWorkerProcess":{
            "type": "bool",
            "metadata" :{
                "description" : "The bitness to be used for the function platform. The default is true to use 32bit platform"
            },
            "defaultValue": false
        }
    },
    "variables": {
        "branchName": "[toLower(last(split(parameters('branchPath'), '/')))]",
        "useEnvName": "[not(equals(parameters('environmentName'), 'Prod'))]",
        "envSuffix": "[if(variables('useEnvName'),concat('-',parameters('environmentName')),'')]",
        "useBranchName": "[not(equals(variables('branchName'),'master'))]",
        "branchSuffix": "[if(variables('useBranchName'),concat('-',variables('branchName')),'')]",
        "useVersionSuffix": "[not(equals(parameters('majorVersion'), ''))]",
        "versionSuffix": "[if(variables('useVersionSuffix'),concat('-v', parameters('majorVersion')), '')]",
        "servicePlanName": "[if(empty(parameters('servicePlanName')), take(toLower(concat('plan-', parameters('appName'), parameters('region').prefix, variables('envSuffix'))), 40), parameters('servicePlanName'))]",
        "unsanitisedFunctionAppName": "[take(toLower(concat('func-',parameters('appName'), parameters('region').prefix, variables('envSuffix'), variables('versionSuffix'), variables('branchSuffix'))), 60)]",
        "functionAppName": "[if(endsWith(variables('unsanitisedFunctionAppName'), '-'), take(variables('unsanitisedFunctionAppName'),59), variables('unsanitisedFunctionAppName'))]",
        "appSubnetId": "[resourceId(parameters('vnetResourceGroupName'), 'Microsoft.Network/virtualNetworks/subnets', parameters('vnetName'), parameters('appSubnetName'))]", // "/subscriptions/43a448ab-c2b2-4fc8-9c27-ed4e9fd05a79/resourceGroups/np-edc-network-rg01/providers/Microsoft.Network/virtualNetworks/np-edc-shareddedicated-vnet01/subnets/np-edc-shareddedicated-boqgroup-dev-ase-sub01",
        "hubSubnetId": "[resourceId(parameters('vnetResourceGroupName'), 'Microsoft.Network/virtualNetworks/subnets', parameters('hubVnetName'), parameters('hubSubnetName'))]",
        "label": "[skip(toLower(concat(variables('versionSuffix'), variables('branchSuffix'))), 1)]",
        "funcAppName": "[if(empty(parameters('funcAppName')), variables('functionAppName'), parameters('funcAppName'))]",
        "diagnosticsBase": {
            "name": "diagnostics",
            "logs": [
                {
                    "category": "FunctionAppLogs",
                    "enabled": true
                }
            ],
            "metrics": [
                {
                    "category": "AllMetrics",
                    "enabled": true
                }
            ]
        },
        "diagnosticsStorage": "[if(empty(parameters('diagnosticsStorageResourceId')), json('{}'), json(concat('{\"storageAccountId\":\"', parameters('diagnosticsStorageResourceId'),'\"}')) )]",
        "diagnosticsWorkspace": "[if(empty(parameters('diagnosticsWorkspaceResourceId')), json('{}'), json(concat('{\"workspaceId\":\"', parameters('diagnosticsWorkspaceResourceId'),'\"}')) )]",
        "diagnosticsProperties": "[union(variables('diagnosticsBase'), variables('diagnosticsStorage'), variables('diagnosticsWorkspace'))]",
         "systemIdentity": {
            "type": "SystemAssigned"
        },
        "userIdentity": {
            "type": "SystemAssigned, UserAssigned",
            "userAssignedIdentities": {
                "[resourceId('Microsoft.ManagedIdentity/userAssignedIdentities', parameters('userIdentity'))]": {}
            }
        },
        "identity": "[if(empty(parameters('userIdentity')), variables('systemIdentity'), variables('userIdentity'))]",
	    "vnetEnabledConfig" :
        {
            "http20Enabled": true,
            "ftpsState": "FtpsOnly",
            "apiManagementConfig": {
                "id": "[parameters('apiManagementId')]"
            },
            "ipSecurityRestrictions": "[parameters('ipSecurityRestrictions')]"
        },
        "baseConfig" : 
        {
            "healthCheckPath": "[parameters('webAppHealthcheckPath')]",
            "netFrameworkVersion" : "[parameters('netFrameworkVersion')]",
            //ASE does not seem to honor the siteConfig setting, adding it in base config here for ASEs
            "use32BitWorkerProcess": "[parameters('use32BitWorkerProcess')]"
                
        },
        "alwaysOnConfig" : 
        {
            "alwaysOn" : true
        },
        "webConfigProperties" : "[ if(parameters('enableVnetIntegration'), union(variables('vnetEnabledConfig'), variables('baseConfig')), variables('baseConfig')) ]"
    },
    "functions": [
        {
            "namespace": "local",
            "members": {
                "buildTags": {
                    "parameters": [
                        {
                            "name": "resourceName",
                            "type": "string"
                        },
                        {
                            "name": "tags",
                            "type": "object"
                        }
                    ],
                    "output": {
                        "type": "object",
                        "value": "[union(parameters('tags'), json(concat('{displayName:\"', parameters('resourceName'),'\"}')))]"
                    }
                }
            }
        }
    ],
    "resources": [
        // Function App
        {
            "type": "Microsoft.Web/sites",
            "apiVersion": "2020-09-01",
            "name": "[variables('funcAppName')]",
            "tags": "[local.buildTags('Function App', parameters('defaultTags'))]",
            "location": "[resourceGroup().location]",
            "kind": "functionapp",
            "identity": "[variables('identity')]",
            "dependsOn": [],
            "properties": {
                "serverFarmId": "[resourceId(parameters('servicePlanResourceGroup'), 'Microsoft.Web/serverfarms', variables('servicePlanName'))]",
                "httpsOnly": true,
                "siteConfig": {
                    "use32BitWorkerProcess": "[parameters('use32BitWorkerProcess')]"    
                }               
            },
            "resources": [
                //Vnet Integration
                {
                    "type": "networkConfig",
                    "apiVersion": "2018-02-01",
                    "name": "virtualNetwork",
                    "location": "[resourceGroup().location]",
                    "dependsOn": [
                        "[resourceId('Microsoft.Web/sites', variables('funcAppName'))]"
                    ],
                    "condition": "[parameters('enableVnetIntegration')]",
                    "properties": {
                        "subnetResourceId": "[variables('appSubnetId')]",
                        "swiftSupported": true
                    }
                },
                {
                    //Docs https://docs.microsoft.com/en-us/azure/templates/microsoft.web/2019-08-01/sites/config
                    "apiVersion": "2019-08-01",
                    "type": "config",
                    "name": "web",
                    "dependsOn": [
                        "[resourceId('Microsoft.Web/sites', variables('funcAppName'))]"
                    ],
                    "properties": "[ if(equals(reference(resourceId(parameters('servicePlanResourceGroup'), 'Microsoft.Web/serverfarms', variables('servicePlanName')), '2021-02-01').kind, 'app'), union(variables('webConfigProperties'), variables('alwaysOnConfig')) , variables('webConfigProperties')) ]"
                },
                {
                    "type": "providers/diagnosticSettings",
                    "name": "microsoft.insights/diagnostics",
                    "dependsOn": [
                        "[resourceId('Microsoft.Web/sites', variables('funcAppName'))]"
                    ],
                    "condition": "[parameters('enableDiagnostics')]",
                    "apiVersion": "2017-05-01-preview",
                    "properties": "[variables('diagnosticsProperties')]"
                }
            ]
        },

        // Staging Slot Deployment
        {
            "type": "Microsoft.Web/sites/slots",
            "apiVersion": "2019-08-01",
            "name": "[concat(variables('funcAppName'),'/staging')]",
            "location": "[resourceGroup().location]",
            "kind": "functionapp",
            "identity": "[variables('identity')]",
            "dependsOn": [
                "[resourceId('Microsoft.Web/sites', variables('funcAppName'))]"
            ],
            "properties": {
                "serverFarmId": "[resourceId(parameters('servicePlanResourceGroup'), 'Microsoft.Web/serverfarms', variables('servicePlanName'))]",
                "httpsOnly": true,
                "healthCheckPath": "[parameters('webAppHealthcheckPath')]",
                "netFrameworkVersion" : "[parameters('netFrameworkVersion')]"
            },
            "resources": [
                //Vnet Integration
                {
                    "type": "networkConfig",
                    "apiVersion": "2018-02-01",
                    "name": "virtualNetwork",
                    "location": "[resourceGroup().location]",
                    "dependsOn": [
                        "[resourceId('Microsoft.Web/sites', variables('funcAppName'))]",
                        "[resourceId('Microsoft.Web/sites/slots', variables('funcAppName'), 'staging')]"
                    ],
                    "condition": "[parameters('enableVnetIntegration')]",
                    "properties": {
                        "subnetResourceId": "[variables('appSubnetId')]",
                        "swiftSupported": true
                    }
                },
                {
                    //Docs https://docs.microsoft.com/en-us/azure/templates/microsoft.web/2019-08-01/sites/config
                    "apiVersion": "2019-08-01",
                    "type": "config",
                    "name": "web",
                    "dependsOn": [
                        "[resourceId('Microsoft.Web/sites', variables('funcAppName'))]",
                        "[resourceId('Microsoft.Web/sites/slots', variables('funcAppName'), 'staging')]"
                    ],
                    "properties": "[variables('webConfigProperties')]"
                },
                {
                    "type": "providers/diagnosticSettings",
                    "name": "microsoft.insights/diagnostics",
                    "dependsOn": [
                        "[resourceId('Microsoft.Web/sites', variables('funcAppName'))]",
                        "[resourceId('Microsoft.Web/sites/slots', variables('funcAppName'), 'staging')]"
                    ],
                    "condition": "[parameters('enableDiagnostics')]",
                    "apiVersion": "2017-05-01-preview",
                    "properties": "[variables('diagnosticsProperties')]"
                }
            ]
        }

    ],
    "outputs": {
        "appName": {
            "type": "string",
            "value": "[variables('funcAppName')]"
        },
        "appResourceId": {
            "type": "string",
            "value": "[resourceId('Microsoft.Web/sites', variables('funcAppName'))]"
        },
        "identityResourceId": {
            "type": "string",
            "value": "[reference(resourceId('Microsoft.Web/sites', variables('funcAppName')), '2016-08-01', 'Full').identity.principalId]"
        },
        "configurationLabel": {
            "type": "string",
            "value": "[variables('label')]"
        },
        "slotIdentityResourceId": {
            "type": "string",
            "value": "[reference(resourceId('Microsoft.Web/sites/slots', variables('funcAppName'), 'staging'), '2016-08-01', 'Full').identity.principalId]"
        },
        "hostId": {
            "type": "string",
            "value": "[toLower(replace(guid(parameters('appName'), 'production', variables('versionSuffix'), variables('branchSuffix')), '-',''))]"
        },
        "slotHostId": {
            "type": "string",
            "value": "[toLower(replace(guid(parameters('appName'), 'staging', variables('versionSuffix'), variables('branchSuffix')), '-',''))]"
        }
    }
}