{
    "$schema": "https://schema.management.azure.com/schemas/2019-08-01/deploymentTemplate.json#",
    "contentVersion": "1.0.0.0",
    "parameters": {
        "appName": {
            "type": "string",
            "metadata": {
                "description": "The expiry date for resources"
            },
            "defaultValue": "cms"
        },
        "templatesUri": {
            "type": "string",
            "metadata": {
                "description": "The Storage Uri for fetching templates"
            },
            "defaultValue": "[deployment().properties.templateLink.uri]"
        },
        "sasToken": {
            "type": "string",
            "metadata": {
                "description": "The SAS token to use with Storage Uri for fetching templates"
            },
            "defaultValue": "[deployment().properties.templateLink.queryString]"
        },
        "resourceGroupName": {
            "type": "string",
            "metadata": {
                "description": "The resource group name"
            },
            "defaultValue": "[resourceGroup().name]"
        },
        "deploymentMode": {
            "type": "string",
            "allowedValues": [
                "Incremental",
                "Complete"
            ],
            "metadata": {
                "description": "The deployment mode"
            },
            "defaultValue": "Incremental"
        },
        "sharedResourceTags": {
            "type": "object",
            "defaultValue": {
            },
            "metadata": {
                "description": "Tags for resources that are shared across an environment"
            }
        },
        "environmentName": {
            "type": "string",
            "metadata": {
                "description": "The environment name"
            },
            "allowedValues": [
                "Dev",
                "SIT",
                "UAT",
                "PreProd",
                "Prod"
            ]
        },
        "majorVersion": {
            "type": "string",
            "metadata": {
                "description": "The major version of the application"
            },
            "defaultValue": ""
        },
        "privateEndpointVnetResourceGroup": {
            "type": "string",
            "metadata": {
                "description": "The name of the resource group containing the virtual network resources"
            },
            "defaultValue": ""
        },
        "privateEndpointVnetName": {
            "type": "string",
            "metadata": {
                "description": "The name of the virtual network resource to which the private endpoint should belong"
            },
            "defaultValue": ""
        },
        "privateEndpointSubnetName": {
            "type": "string",
            "metadata": {
                "description": "The name of the subnet resource to which private endpoints resources belong"
            },
            "defaultValue": ""
        },
        "privateDnsZoneResourceGroupName": {
            "type": "string",
            "metadata": {
                "description": "The name of the resource group for private dns zones such as privatelink.blob.core.windows.net to sit within"
            },
            "defaultValue": ""
        },
        "privateDnsZoneResourceGroupSubscription": {
            "type": "string",
            "metadata": {
                "description": "The subscription id for the private dns zones."
            },
            "defaultValue": "[subscription().subscriptionId]"
        },
        "privateEndpointTypes": {
            "type": "array",
            "metadata": {
                "description": "The types of resource for which to create an endpoint, this is used to determine the dns name and sub-resource types.",
                "allowedValues": [
                    "blob",
                    "file",
                    "queue",
                    "table",
                    "web"
                ]
            },
            "defaultValue": [
                "blob",
                "file"
            ]
        },
        "virtualNetworkRules": {
            "type": "array",
            "defaultValue": [],
            "metadata": {
                "description": "See https://docs.microsoft.com/en-us/azure/templates/microsoft.storage/storageaccounts#virtualnetworkrule-object"
            }
        },
        "ipRules": {
            "type": "array",
            "defaultValue": [],
            "metadata": {
                "description": "See https://docs.microsoft.com/en-us/azure/templates/microsoft.storage/storageaccounts#iprule-object"
            }
        },
        "storageSku": {
            "type": "string",
            "defaultValue": "Standard_LRS",
            "allowedValues": [
                "Standard_LRS",
                "Standard_GRS",
                "Standard_RAGRS"
            ]
        },
        "regionCode": {
            "type": "string",
            "defaultValue": ""
        }
    },
    "variables": {
        "deploymentSuffix": "[substring(deployment().name, indexOf(deployment().name, '-'))]",
        "functionStorageDeploymentName": "[concat('funcStorage', variables('deploymentSuffix'))]",
        "functionStorageAccountPrivateEndpointDeploymentName": "[concat('StoragePrivateEndpoint', variables('deploymentSuffix'))]",
        "versionSuffix": "[if(empty(parameters('majorVersion')), '', concat('v', parameters('majorVersion')))]",
        "functionStorageAccountName": "[concat('st', variables('versionSuffix'), parameters('appName'), parameters('regionCode'))]",
        "privateEndpointSubnetId": "[resourceId(parameters('privateEndpointVnetResourceGroup'), 'Microsoft.Network/virtualNetworks/subnets', parameters('privateEndpointVnetName'), parameters('privateEndpointSubnetName'))]",
        "createPrivateEndpoint": "[not(or(empty(parameters('privateEndpointVnetResourceGroup')),empty(parameters('privateEndpointVnetName')),empty(parameters('privateEndpointSubnetName')),empty(parameters('privateDnsZoneResourceGroupName')),empty(parameters('privateEndpointTypes'))))]"
    },
    "resources": [
        // Function app storage
        {
            "name": "[variables('functionStorageDeploymentName')]",
            "type": "Microsoft.Resources/deployments",
            "apiVersion": "2020-10-01",
            "comments": "This deployment creates the storage account for function app code.",
            "condition": true,
            "resourceGroup": "[parameters('resourceGroupName')]",
            "dependsOn": [],
            "properties": {
                "mode": "[parameters('deploymentMode')]",
                "parameters": {
                    "containerName": {
                        "value": ""
                    },
                    "blobAccountName": {
                        "value": "[variables('functionStorageAccountName')]"
                    },
                    "environmentName": {
                        "value": "[parameters('environmentName')]"
                    },
                    "majorVersion": {
                        "value": "[parameters('majorVersion')]"
                    },
                    "sharedResourceTags": {
                        "value": "[parameters('sharedResourceTags')]"
                    },
                    "selectedNetworksOnly": {
                        "value": "[variables('createPrivateEndpoint')]"
                    },
                    "virtualNetworkRules": {
                        "value": "[parameters('virtualNetworkRules')]"
                    },
                    "ipRules": {
                        "value": "[parameters('ipRules')]"
                    },
                    "storageSku":{
                        "value": "[parameters('storageSku')]"
                    }
                },
                "templateLink": {
                    "contentVersion": "1.0.0.0",
                    "uri": "[concat(parameters('templatesUri'), 'Create-Storage.json', parameters('sasToken'))]"
                }
            }
        },

        // Function app storage private endpoints
        {
            "name": "[concat(parameters('privateEndpointTypes')[copyIndex()], variables('functionStorageAccountPrivateEndpointDeploymentName'))]",
            "type": "Microsoft.Resources/deployments",
            "apiVersion": "2020-10-01",
            "comments": "This deployment creates a private endpoint for the storage account",
            "resourceGroup": "[parameters('resourceGroupName')]",
            "condition": "[variables('createPrivateEndpoint')]",
            "dependsOn": [
                "[concat('Microsoft.Resources/deployments/', variables('functionStorageDeploymentName'))]"
            ],
            "properties": {
                "mode": "[parameters('deploymentMode')]",
                "parameters": {
                    "privateEndpointName": {
                        "value": "[concat(parameters('privateEndpointTypes')[copyIndex()], '-', reference(concat('Microsoft.Resources/deployments/', variables('functionStorageDeploymentName'))).outputs.storageAccountName.value)]"
                    },
                    "subnet": {
                        "value": "[variables('privateEndpointSubnetId')]"
                    },
                    "resourceType": {
                        "value": "[parameters('privateEndpointTypes')[copyIndex()]]"
                    },
                    "privateLinkResource": {
                        "value": "[reference(concat('Microsoft.Resources/deployments/', variables('functionStorageDeploymentName'))).outputs.storageAccountId.value]"
                    },
                    "privateDnsZoneResourceGroupName": {
                        "value": "[parameters('privateDnsZoneResourceGroupName')]"
                    },
                    "privateDnsZoneResourceGroupSubscription": {
                        "value": "[parameters('privateDnsZoneResourceGroupSubscription')]"
                    },
                    "tags": {
                        "value": "[parameters('sharedResourceTags')]"
                    }
                },
                "templateLink": {
                    "contentVersion": "1.0.0.0",
                    "uri": "[concat(parameters('templatesUri'), 'Create-Private-Endpoint.json', parameters('sasToken'))]"
                }
            },
            "copy": {
                "name": "privateEndpointCopy",
                "count": "[length(parameters('privateEndpointTypes'))]"
            }
        }
    ],
    "outputs": {
    }
}