{
    "$schema": "https://schema.management.azure.com/schemas/2019-04-01/deploymentTemplate.json#",
    "contentVersion": "1.0.0.0",
    "parameters": {
        "configStoreName": {
            "type": "string",
            "metadata": {
                "description": "Specifies the name of the App Configuration store."
            },
            "defaultValue": ""
        },
        "location": {
            "type": "string",
            "defaultValue": "[resourceGroup().location]",
            "metadata": {
                "description": "Specifies the Azure location where the app configuration store should be created."
            }
        },
        "environmentName": {
            "type": "string",
            "metadata": {
                "description": "The environment (e.g. Dev, SIT, UAT, Prod)"
            },
            "defaultValue": "Dev",
            "minLength": 1
        },
        "projectName": {
            "type": "string",
            "metadata": {
                "description": "name of the project. This will be used for forming the name of configstore if the name is not provided"
            },
            "defaultValue": ""
        },
        "sharedResourceTags": {
            "type": "object",
            "defaultValue": {
            },
            "metadata": {
                "description": "Tags for resources that are shared across an environment"
            }
        },
        "region": {
            "type": "Object",
            "metadata": {
                "description": "The output from a GetRegion deployment. { prefix: string, isPrimary:bool }"
            },
            "defaultValue": {
                "prefix": "",
                "isPrimary": true
            }
        }
    },
    "variables": {
        "configStoreName": "[if(empty(parameters('configStoreName')), toLower(concat('aac-', parameters('projectName'), '-', parameters('environmentName'), '-', parameters('region').prefix)), parameters('configStoreName'))]"
    },
    "resources": [
        {
            "type": "Microsoft.AppConfiguration/configurationStores",
            "apiVersion": "2020-07-01-preview",
            "name": "[variables('configStoreName')]",
            "location": "[parameters('location')]",
            "tags": "[parameters('sharedResourceTags')]",
            "sku": {
                "name": "standard"
            },
            "properties": {   
            }
        }
    ]
}