{
    "$schema": "https://schema.management.azure.com/schemas/2019-04-01/deploymentTemplate.json#",
    "contentVersion": "1.0.0.0",
    "parameters": {
        "webAppName": {
            "type": "string"
        },
        "webAppStorageConnectionString": {
            "type": "string"
        },
        "appInsightsInstrumentationKey": {
            "type": "SecureString"
        },
        "keyVaultItems": {
            "type": "Array",
            "defaultValue": []
        },
        "items": {
            "type": "Array",
            "defaultValue": []
        },
        "unauthenticatedClientAction": {
            "type": "string",
            "defaultValue": "RedirectToLoginPage"
        },
        "defaultProvider": {
            "type": "string",
            "defaultValue": "AzureActiveDirectory"
        },
        "clientId": {
            "type": "string",
            "defaultValue": ""
        },
         "webAppHealthcheckMaxPingFailures": {
            "type": "int",
            "metadata": {
                "description": "The time that an unhealthy (based from HealthCheck) instance remains in the load balancer before it is removed"
            },
            "defaultValue": 2
	    }
    },
    "variables": {
        "baseConfig": {
            // Refer to the following links for limitations on using storage accounts for non container webapps 
            //https://docs.microsoft.com/en-us/azure/app-service/configure-connect-to-azure-storage?pivots=container-windows#limitations
            "AzureWebJobsStorage": "[if(contains(parameters('webAppStorageConnectionString'), environment().suffixes.keyvaultDns) , local.keyVaultLookup(parameters('webAppStorageConnectionString')), parameters('webAppStorageConnectionString'))]",
            "AzureWebJobsDashboard": "[if(contains(parameters('webAppStorageConnectionString'), environment().suffixes.keyvaultDns) , local.keyVaultLookup(parameters('webAppStorageConnectionString')), parameters('webAppStorageConnectionString'))]",
            "WEBSITE_RUN_FROM_PACKAGE": 1,
            "Logging-ApplicationInsights:ApplicationInsightsKey": "[parameters('appInsightsInstrumentationKey')]",
            "APPINSIGHTS_INSTRUMENTATIONKEY": "[parameters('appInsightsInstrumentationKey')]",
            "WEBSITE_HEALTHCHECK_MAXPINGFAILURES": "[parameters('webAppHealthcheckMaxPingFailures')]"
        },
        "issuer": "[concat('https://login.microsoftonline.com/', subscription().tenantId)]",
        "copy": [
            {
                "name": "keyVaultItems",
                "count": "[length(parameters('keyVaultItems'))]",
                //"count": 0,
                "input": {
                    "[parameters('keyVaultItems')[copyIndex('keyVaultItems')].name]": "[local.keyVaultLookup(parameters('keyVaultItems')[copyIndex('keyVaultItems')].value)]"
                }
            },
            {
                "name": "items",
                "count": "[length(parameters('items'))]",
                //"count": 0,
                "input": {
                    "[parameters('items')[copyIndex('items')].name]": "[parameters('items')[copyIndex('items')].value]"
                }
            }
        ],
        "props": "[union(variables('baseConfig'), json(local.flattenArray(variables('keyVaultItems'))) , json(local.flattenArray(variables('items'))))]"
    },
    "functions": [
        {
            "namespace": "local",
            "members": {
                "keyVaultLookup": {
                    "parameters": [
                        {
                            "name": "secretUri",
                            "type": "string"
                        }
                    ],
                    "output": {
                        "type": "string",
                        "value": "[format('@Microsoft.KeyVault(SecretUri={0})', parameters('secretUri'))]"
                    }
                },
                "flattenArray": {
                    "parameters": [
                        {
                            "name": "arrayOfJson",
                            "type": "Array"
                        }
                    ],
                    "output": {
                        "type": "string",
                        "value": "[concat('{',replace(replace(replace(replace(string(parameters('arrayOfJson')), '{',''),'}',''),'[',''),']',''),'}')]"
                    }
                }
            }
        }
    ],
    "resources": [
       {
            //Docs https://docs.microsoft.com/en-us/azure/templates/microsoft.web/2019-08-01/sites/config-appsettings
            "apiVersion": "2019-08-01",
            "type": "Microsoft.Web/sites/config",
            "name": "[concat(parameters('webAppName'),'/appsettings')]",
            "dependsOn": [
            ],
            "properties": "[variables('props')]"
        },
        {
            "name": "[concat(parameters('webAppName'),'/authsettings')]",
            "type": "Microsoft.Web/sites/config",
            "apiVersion": "2020-09-01",
            "condition": "[and(not(empty(parameters('unauthenticatedClientAction'))), not(empty(parameters('defaultProvider'))), not(empty(parameters('clientID'))))]",
            "dependsOn": [
            ],
            "properties": {
                "enabled": true,
                "unauthenticatedClientAction": "[parameters('unauthenticatedClientAction')]",
                "tokenStoreEnabled": true,
                "defaultProvider": "[parameters('defaultProvider')]",
                "clientId": "[parameters('clientId')]",
                "issuer": "[variables('issuer')]"
            }
        }
    ],
    "outputs": {
        "properties":{
            "type": "Object",
            "value": "[variables('props')]"
        }
    }
}