{
    "$schema": "https://schema.management.azure.com/schemas/2019-08-01/deploymentTemplate.json#",
    "contentVersion": "1.0.0.0",
    "parameters": {
        "functionAppName": {
            "type": "string",
            "metadata": {
                "description": "The function app name"
            }
        },
        "storageAccountName": {
            "type": "string",
            "metadata": {
                "description": "The storage account name"
            }
        },
        "branchPath": {
            "type": "string",
            "metadata": {
                "description": "The branch path"
            }
        },
        "shareQuota": {
            "type": "int",
            "metadata": {
                "description": "The maximum size of the share, in gigabytes. Must be greater than 0, and less than or equal to 5TB (5120)."
            },
            "defaultValue": 1,
            "minValue": 1,
            "maxValue": 5120
        },
        "projectName": {
            "type": "string",
            "metadata": {
                "description": "The name of the project to be included in the resource names"
            }
        },
        "majorVersion": {
            "type": "string",
            "metadata": {
                "description": "The major version of the application"
            }
        }
    },
    "variables": {
    },
    "resources": [
        {
            //Docs https://docs.microsoft.com/en-us/azure/templates/microsoft.storage/2019-06-01/storageaccounts/fileservices/shares
            "apiVersion": "2019-06-01",
            "type": "Microsoft.Storage/storageAccounts/fileServices/shares",
            "name": "[concat(parameters('storageAccountName'),'/default/', parameters('functionAppName'))]",
            "properties": {
                "metadata": {
                    "Branch": "[parameters('branchPath')]",
                    "AppName": "[parameters('projectName')]",
                    "Version": "[parameters('majorVersion')]"
                },
                "shareQuota": "[parameters('shareQuota')]"
            }
        }
    ],
    "outputs": {
    }
}