{
    "$schema": "https://schema.management.azure.com/schemas/2019-04-01/deploymentTemplate.json#",
    "contentVersion": "1.0.0.0",
    "parameters": {
        "keyVaultName": {
            "type": "string",
            "minLength": 3,
            "metadata": {
                "description": "The name of the keyvault to populate with the secret"
            }
        },
        "secrets": {
            "type": "secureObject",
            "metadata": {
                "description": "The object containing secrets."
            },
            "defaultValue": { "secrets":[] }
        },
        "sharedResourceTags": {
            "type": "object",
            "defaultValue": {},
            "metadata": {
                "description": "Shared resource tags"
            }
        }
    },
    "variables": {
    },
    "functions": [
        {
            "namespace": "local",
            "members": {
                "buildTags": {
                    "parameters": [
                        {
                            "name": "resourceName",
                            "type": "string"
                        },
                        {
                            "name": "tags",
                            "type": "object"
                        }
                    ],
                    "output": {
                        "type": "object",
                        "value": "[union(parameters('tags'), json(concat('{displayName:\"',parameters('resourceName'),'\"}')))]"
                    }
                }
            }
        }
    ],
    "resources": [
        {
            "type": "Microsoft.KeyVault/vaults/secrets",
            "name": "[concat(parameters('keyVaultName'), '/', parameters('secrets').secrets[copyIndex()].name)]",
            "apiVersion": "2018-02-14",
            "tags": "[local.buildTags('Key Vault Secret', parameters('sharedResourceTags'))]",
            "properties": {
                "value": "[parameters('secrets').secrets[copyIndex()].value]"
            },
            "copy": {
                "name": "secrets",
                "count": "[length(parameters('secrets').secrets)]"
            }
        }
    ],
    "outputs": {
    }
}