{
    "$schema": "https://schema.management.azure.com/schemas/2019-04-01/deploymentTemplate.json#",
    "contentVersion": "1.0.0.0",
    "parameters": {
      "templatesUri": {
        "type": "string",
        "metadata": {
          "description": "The Storage Uri for fetching templates"
        },
        "defaultValue": "[deployment().properties.templateLink.uri]"
      },
      "sasToken": {
        "type": "string",
        "metadata": {
          "description": "The SAS token to use with Storage Uri for fetching templates"
        },
        "defaultValue": "[deployment().properties.templateLink.queryString]"
      },
      "resourceGroupName": {
        "type": "string",
        "metadata": {
          "description": "The resource group name"
        },
        "defaultValue": "[resourceGroup().name]"
      },
      "deploymentMode": {
        "type": "string",
        "allowedValues": [
          "Incremental",
          "Complete"
        ],
        "metadata": {
          "description": "The deployment mode"
        },
        "defaultValue": "Incremental"
      },
      "sharedResourceTags": {
        "type": "object",
        "defaultValue": {
        },
        "metadata": {
          "description": "Tags for resources that are shared across an environment"
        }
      },
      "environmentName": {
        "type": "string",
        "metadata": {
          "description": "The environment (e.g. Dev, SIT, UAT, Prod)"
        },
        "defaultValue": "Dev",
        "minLength": 1
      },
      "redisCacheName": {
        "type": "string",
        "metadata": {
          "description": "The redis cache name"
        }
      },
      "redisVersion": {
        "type": "string",
        "defaultValue": "4.0.14",
        "metadata": {
          "description": "The redis cache version"
        }
      },
      "sku": {
        "type": "object",
        "defaultValue": {
          "name": "Standard",
          "family": "C",
          "capacity": 1
        },
        "metadata": {
          "description": "Redis cache sku",
          "seealso": "https://docs.microsoft.com/en-us/azure/templates/microsoft.cache/2020-12-01/redis?tabs=json#rediscommonpropertiesredisconfiguration"
        }
      },
      "redisConfiguration": {
        "type": "object",
        "defaultValue": {
          "maxmemory-reserved": "50",
          "maxfragmentationmemory-reserved": "50",
          "maxmemory-delta": "50"
        },
        "metadata": {
          "description": "Redis cache configuration",
          "seealso": "https://docs.microsoft.com/en-us/azure/templates/microsoft.cache/2020-12-01/redis?tabs=json#rediscommonpropertiesredisconfiguration"
        }
      },
      "region": {
        "type": "Object",
        "metadata": {
          "description": "The output from a GetRegion deployment. { prefix: string, isPrimary:bool }"
        },
        "defaultValue": {
          "prefix": "",
          "isPrimary": true
        }
      },
      "enableDiagnostics": {
        "type": "bool",
        "defaultValue": true
      },
      "diagnosticsWorkspaceResourceId": {
        "type": "string",
        "metadata": {
          "description": "Resource Id for Log Storage account"
        },
        "defaultValue": ""
      },
      "diagnosticsStorageResourceId": {
        "type": "string",
        "metadata": {
          "description": "Resource Id for Log Analytics Workspace"
        },
        "defaultValue": ""
      },
      "privateDnsZoneResourceGroupName": {
        "type": "string",
        "metadata": {
          "description": "The name of the resource group for private dns zones such as privatelink.servicebus.windows.net to sit within"
        },
        "defaultValue": ""
      },
      "privateDnsZoneResourceGroupSubscription": {
        "type": "string",
        "metadata": {
          "description": "The subscription id for the private dns zones."
        },
        "defaultValue": "[subscription().subscriptionId]"
      },
      "privateEndpointVnetResourceGroup": {
        "type": "string",
        "metadata": {
          "description": "The name of the resource group containing the virtual network resources"
        },
        "defaultValue": ""
      },
      "privateEndpointVnetName": {
        "type": "string",
        "metadata": {
          "description": "The name of the virtual network resource to which the private endpoint should belong"
        },
        "defaultValue": ""
      },
      "privateEndpointSubnetName": {
        "type": "string",
        "metadata": {
          "description": "The name of the subnet resource to which private endpoints resources belong"
        },
        "defaultValue": ""
      }
    },
    "variables": {
        "deploymentSuffix": "[substring(deployment().name, indexOf(deployment().name, '-'))]",
        "redisCacheDeploymentName": "[concat('redis', replace(parameters('redisCacheName'), '-', ''), 'Deployment', variables('deploymentSuffix'))]",
        "redisCachePrivateEndpointDeploymentName": "[concat('redis', replace(parameters('redisCacheName'), '-', ''), 'PrivateEndpoint', variables('deploymentSuffix'))]",
        "privateEndpointSubnetId": "[resourceId(parameters('privateEndpointVnetResourceGroup'), 'Microsoft.Network/virtualNetworks/subnets', parameters('privateEndpointVnetName'), parameters('privateEndpointSubnetName'))]",
        "createPrivateEndpoint": "[not(or(empty(parameters('privateEndpointVnetResourceGroup')),empty(parameters('privateEndpointVnetName')),empty(parameters('privateEndpointSubnetName')),empty(parameters('privateDnsZoneResourceGroupName'))))]"
    },
    "resources": [
        {
            "name": "[variables('redisCacheDeploymentName')]",
            "type": "Microsoft.Resources/deployments",
            "apiVersion": "2020-10-01",
            "comments": "This deployment creates the Redis Cache",
            "condition": true,
            "resourceGroup": "[parameters('resourceGroupName')]",
            "dependsOn": [],
            "properties": {
                "mode": "[parameters('deploymentMode')]",
                "parameters": {
                    "sharedResourceTags": {
                        "value": "[parameters('sharedResourceTags')]"
                    },
                    "environmentName": {
                        "value": "[parameters('environmentName')]"
                    },
                    "redisCacheName": {
                      "value": "[parameters('redisCacheName')]"
                    },
                    "redisVersion": {
                      "value": "[parameters('redisVersion')]"
                    },
                    "redisConfiguration":{
                        "value": "[parameters('redisConfiguration')]"
                    },
                    "sku": {
                        "value": "[parameters('sku')]"
                    },
                    "region": {
                        "value": "[parameters('region')]"
                    },
                    "enableDiagnostics": {
                        "value": "[parameters('enableDiagnostics')]"
                    },
                    "diagnosticsWorkspaceResourceId": {
                        "value": "[parameters('diagnosticsWorkspaceResourceId')]"
                    },
                    "diagnosticsStorageResourceId": {
                        "value": "[parameters('diagnosticsStorageResourceId')]"
                    }
                },
                "templateLink": {
                    "contentVersion": "1.0.0.0",
                    "uri": "[concat(parameters('templatesUri'), 'Create-RedisCache.json', parameters('sasToken'))]"
                }
            }
        },
        // Redis Cache Private Endpoint
        {
            "name": "[variables('redisCachePrivateEndpointDeploymentName')]",
            "type": "Microsoft.Resources/deployments",
            "apiVersion": "2020-10-01",
            "comments": "This deployment creates the private endpoint for the redis cache",
            "condition": "[variables('createPrivateEndpoint')]",
            "resourceGroup": "[parameters('resourceGroupName')]",
            "dependsOn": [
                "[concat('Microsoft.Resources/deployments/', variables('redisCacheDeploymentName'))]"
            ],
            "properties": {
                "mode": "[parameters('deploymentMode')]",
                "parameters": {
                    "privateEndpointName": {
                        "value": "[reference(concat('Microsoft.Resources/deployments/', variables('redisCacheDeploymentName'))).outputs.redisCacheName.value]"
                    },
                    "subnet": {
                        "value": "[variables('privateEndpointSubnetId')]"
                    },
                    "resourceType": {
                        "value": "redisCache"
                    },
                    "privateLinkResource": {
                        "value": "[reference(concat('Microsoft.Resources/deployments/', variables('redisCacheDeploymentName'))).outputs.redisCacheId.value]"
                    },
                    "privateDnsZoneResourceGroupName": {
                        "value": "[parameters('privateDnsZoneResourceGroupName')]"
                    },
                    "privateDnsZoneResourceGroupSubscription": {
                        "value": "[parameters('privateDnsZoneResourceGroupSubscription')]"
                    },
                    "tags": {
                        "value": "[parameters('sharedResourceTags')]"
                    }
                },
                "templateLink": {
                    "contentVersion": "1.0.0.0",
                    "uri": "[concat(parameters('templatesUri'), 'Create-Private-Endpoint.json', parameters('sasToken'))]"
                }
            }
        }
    ],
    "outputs": {
        "redisCacheName": {
            "type": "string",
            "value": "[reference(concat('Microsoft.Resources/deployments/', variables('redisCacheDeploymentName'))).outputs.redisCacheName.value]"
        },
        "redisCacheId": {
            "type": "string",
            "value": "[reference(concat('Microsoft.Resources/deployments/', variables('redisCacheDeploymentName'))).outputs.redisCacheId.value]"
        }
    }
}