{
    "$schema": "https://schema.management.azure.com/schemas/2019-08-01/deploymentTemplate.json#",
    "contentVersion": "1.0.0.0",
    "parameters": {
        "templatesUri": {
            "type": "string",
            "metadata": {
                "description": "The Storage Uri for fetching templates"
            },
            "defaultValue": "[deployment().properties.templateLink.uri]"
        },
        "sasToken": {
            "type": "string",
            "metadata": {
                "description": "The SAS token to use with Storage Uri for fetching templates"
            },
            "defaultValue": "[deployment().properties.templateLink.queryString]"
        },
        "resourceGroupName": {
            "type": "string",
            "metadata": {
                "description": "The resource group name"
            },
            "defaultValue": "[resourceGroup().name]"
        },
        "deploymentMode": {
            "type": "string",
            "allowedValues": [
                "Incremental",
                "Complete"
            ],
            "metadata": {
                "description": "The deployment mode"
            },
            "defaultValue": "Incremental"
        },
        "environmentName": {
            "type": "string",
            "metadata": {
                "description": "The environment (e.g. Dev, SIT, UAT, Prod)"
            },
            "defaultValue": "Dev",
            "minLength": 1
        },
        "appName": {
            "type": "string",
            "metadata": {
                "description": "The application name"
            },
            "minLength": 5,
            "defaultValue": "[resourceGroup().name]"
        },
        "majorVersion": {
            "type": "string",
            "metadata": {
                "description": "The major version of the application"
            }
        },
        "sharedResourceTags": {
            "type": "object",
            "defaultValue": {
            },
            "metadata": {
                "description": "Tags for resources that are shared across an environment"
            }
        },
        "privateDnsZoneResourceGroupName": {
            "type": "string",
            "metadata": {
                "description": "The name of the resource group for private dns zones such as privatelink.blob.core.windows.net to sit within"
            },
            "defaultValue": ""
        },
        "privateDnsZoneResourceGroupSubscription": {
            "type": "string",
            "metadata": {
                "description": "The subscription id for the private dns zones."
            },
            "defaultValue": "[subscription().subscriptionId]"
        },
        "privateEndpointVnetResourceGroup": {
            "type": "string",
            "metadata": {
                "description": "The name of the resource group containing the virtual network resources"
            },
            "defaultValue": ""
        },
        "privateEndpointVnetName": {
            "type": "string",
            "metadata": {
                "description": "The name of the virtual network resource to which the private endpoint should belong"
            },
            "defaultValue": ""
        },
        "privateEndpointSubnetName": {
            "type": "string",
            "metadata": {
                "description": "The name of the subnet resource to which private endpoints resources belong"
            },
            "defaultValue": ""
        }
    },

    "variables": {
        "deploymentSuffix": "[substring(deployment().name, indexOf(deployment().name, '-'))]",
        "appConfigurationDeploymentName": "[concat('appConfiguration', variables('deploymentSuffix'))]",
        "appConfigurationPrivateEndpointDeploymentName": "[concat('appConfigurationPrivateEndpoint', variables('deploymentSuffix'))]",
        "privateEndpointSubnetId": "[resourceId(parameters('privateEndpointVnetResourceGroup'), 'Microsoft.Network/virtualNetworks/subnets', parameters('privateEndpointVnetName'), parameters('privateEndpointSubnetName'))]",
        "createPrivateEndpoint": "[not(or(empty(parameters('privateEndpointVnetResourceGroup')),empty(parameters('privateEndpointVnetName')),empty(parameters('privateEndpointSubnetName')),empty(parameters('privateDnsZoneResourceGroupName'))))]"
    },
    "resources": [
        // App Configuration deployment
        {
            "name": "[variables('appConfigurationDeploymentName')]",
            "type": "Microsoft.Resources/deployments",
            "apiVersion": "2021-04-01",
            "comments": "This deployment creates the app configuration",
            "condition": true,
            "resourceGroup": "[parameters('resourceGroupName')]",
            "properties": {
                "mode": "[parameters('deploymentMode')]",
                "parameters": {
                    "environmentName": {
                        "value": "[parameters('environmentName')]"
                    },
                    "appName": {
                        "value": "[parameters('appName')]"
                    },
                    "sharedResourceTags": {
                        "value": "[parameters('sharedResourceTags')]"
                    },
                    "majorVersion": {
                        "value": "[parameters('majorVersion')]"
                    }
                },
                "templateLink": {
                    "contentVersion": "1.0.0.0",
                    "uri": "[concat(parameters('templatesUri'), 'Create-App-Configuration.json', parameters('sasToken'))]"
                }
            }
        },

        // App Configuration private endpoint deployment
        {
            "name": "[variables('appConfigurationPrivateEndpointDeploymentName')]",
            "type": "Microsoft.Resources/deployments",
            "apiVersion": "2020-10-01",
            "comments": "This deployment creates the private endpoint for the above app configuration",
            "condition": "[variables('createPrivateEndpoint')]",
            "resourceGroup": "[parameters('resourceGroupName')]",
            "dependsOn": [
                "[concat('Microsoft.Resources/deployments/', variables('appConfigurationDeploymentName'))]"
            ],
            "properties": {
                "mode": "[parameters('deploymentMode')]",
                "parameters": {
                    "privateEndpointName": {
                        "value": "[reference(concat('Microsoft.Resources/deployments/', variables('appConfigurationDeploymentName'))).outputs.appConfigName.value]"
                    },
                    "subnet": {
                        "value": "[variables('privateEndpointSubnetId')]"
                    },
                    "resourceType": {
                        "value": "appConfig"
                    },
                    "privateLinkResource": {
                        "value": "[reference(concat('Microsoft.Resources/deployments/', variables('appConfigurationDeploymentName'))).outputs.appConfigId.value]"
                    },
                    "privateDnsZoneResourceGroupName": {
                        "value": "[parameters('privateDnsZoneResourceGroupName')]"
                    },
                    "privateDnsZoneResourceGroupSubscription": {
                        "value": "[parameters('privateDnsZoneResourceGroupSubscription')]"
                    },
                    "tags": {
                        "value": "[parameters('sharedResourceTags')]"
                    }
                },
                "templateLink": {
                    "contentVersion": "1.0.0.0",
                    "uri": "[concat(parameters('templatesUri'), 'Create-Private-Endpoint.json', parameters('sasToken'))]"
                }
            }
        }
    ],
    "outputs": {
        "appConfigName": {
            "type": "string",
            "value": "[reference(concat('Microsoft.Resources/deployments/', variables('appConfigurationDeploymentName'))).outputs.appConfigName.value]"
        },
        "appConfigConnectionString":{
            "type": "string",
            "value": "[reference(concat('Microsoft.Resources/deployments/', variables('appConfigurationDeploymentName'))).outputs.appConfigConnectionString.value]"
        }
    }
}