{
    "$schema": "https://schema.management.azure.com/schemas/2019-04-01/deploymentTemplate.json#",
    "contentVersion": "1.0.0.0",
    "parameters": {
        "keyVaultName": {
            "type": "string",
            "minLength": 3,
            "metadata": {
                "description": "The name of the keyvault to populate with the secret"
            }
        },
        "secretName": {
            "type": "string",
            "metadata": {
                "description": "The name of the secret"
            }
        },
        "secretValue":{
            "type": "secureString",
            "metadata": {
                "description": "The value of the secret"
            }
        },
        "sharedResourceTags": {
            "type": "object",
            "defaultValue": {},
            "metadata": {
                "description": "Shared resource tags"
            }
        },
        "existingSecretnames": {
            "type": "Array",
            "metadata": {
                "description": "Names of existing secrets in the Application Key Vault. If this is provided and the secret exists it will not be replaced."
            },
            "defaultValue": []
        }
    },
    "variables": {
        "isExisting": "[contains(parameters('existingSecretnames'), parameters('secretName'))]"
    },
    "functions": [
        {
            "namespace": "local",
            "members": {
                "buildTags": {
                    "parameters": [
                        {
                            "name": "resourceName",
                            "type": "string"
                        },
                        {
                            "name": "tags",
                            "type": "object"
                        }
                    ],
                    "output": {
                        "type": "object",
                        "value": "[union(parameters('tags'), json(concat('{displayName:\"',parameters('resourceName'),'\"}')))]"
                    }
                }
            }
        }
    ],
    "resources": [
        {
            "type": "Microsoft.KeyVault/vaults/secrets",
            "name": "[concat(parameters('keyVaultName'), '/', parameters('secretName'))]",
            "apiVersion": "2018-02-14",
            "tags": "[local.buildTags('Key Vault Secret', parameters('sharedResourceTags'))]",
            "condition":"[not(variables('isExisting'))]",
            "properties": {
                "value": "[parameters('secretValue')]"
            }
        }
    ],
    "outputs": {
        "secretUrl": {
            "type":"string",
            "value":"[if(variables('isExisting'), reference(resourceId('Microsoft.KeyVault/vaults/secrets', parameters('keyVaultName'),parameters('secretName')), '2019-09-01').secretUri, reference(resourceId('Microsoft.KeyVault/vaults/secrets', parameters('keyVaultName'),parameters('secretName')), '2019-09-01').secretUriWithVersion)]"
        }
    }
}