{
    "$schema": "https://schema.management.azure.com/schemas/2019-04-01/deploymentTemplate.json#",
    "contentVersion": "1.0.0.0",
    "parameters": {
        "environmentName": {
            "type": "string",
            "metadata": {
                "description": "The environment (e.g. Dev, SIT, UAT, Prod)"
            },
            "defaultValue": "Dev",
            "minLength": 1
        },
        "appInsightsId": {
            "type": "string"
        },
        "actionGroupId": {
             "type": "string"
        },
        "evaluationFrequency": {
             "type": "string",
             "defaultValue":"PT5M"
        },
        "name": {
             "type": "string"
        },
        "description": {
             "type": "string"
        },
        "windowSize": {
             "type": "string",
             "defaultValue":"PT5M"
        },
        "criteria":{
            "type":"object"
        },
        "severity":{
            "type":"int",
            "defaultValue": "4"
        }
    },
    "variables": {
        "useEnvName": "[not(equals(parameters('environmentName'), 'Prod'))]",
        "envSuffix": "[if(variables('useEnvName'), concat('-', parameters('environmentName')), '')]",
        "prefix": "",
        "alertName": "[take(toLower(concat(variables('prefix'), parameters('name'), variables('envSuffix'))), 40)]"
    },
    "resources": [
        {
            "type": "microsoft.insights/scheduledqueryrules",
            "apiVersion": "2021-08-01",
            "name": "[variables('alertName')]",
            "location": "[resourceGroup().location]",
            "properties": {
                "displayName": "[variables('alertName')]",
                "description": "[parameters('description')]",
                "severity": "[parameters('severity')]",
                "enabled": true,
                "evaluationFrequency": "[parameters('evaluationFrequency')]",
                "scopes": [
                    "[parameters('appInsightsId')]"
                ],
                "targetResourceTypes": [
                    "microsoft.insights/components"
                ],
                "windowSize": "[parameters('windowSize')]",
                "criteria": "[parameters('criteria')]",
                "autoMitigate": false,
                "actions": {
                    "actionGroups": [
                        "[parameters('actionGroupId')]"
                    ]
                }
            }
        }
    ]
}