{
    "$schema": "https://schema.management.azure.com/schemas/2019-08-01/deploymentTemplate.json#",
    "contentVersion": "1.0.0.0",
    "parameters": {
        "applicationInsightsName": {
            "type": "string",
            "metadata": {
                "description": "Name of the app insights resource"
            },
            "defaultValue": ""
        },
        "sharedResourceTags": {
            "type": "object",
            "defaultValue": {
            },
            "metadata": {
                "description": "Tags for resources that are shared across an environment"
            }
        },
        "appName": {
            "type": "string",
            "defaultValue": ""
        },
        "environmentName": {
            "type": "string",
            "metadata": {
                "description": "The environment (e.g. Dev, SIT, UAT, Prod)"
            },
            "defaultValue": "Dev",
            "minLength": 1
        },
        "targetResourceId": {
            "type": "string",
            "metadata": {
                "description": "The resource id to create a hidden link for."
            },
            "defaultValue": ""
        },
        "region": {
            "type": "Object",
            "metadata": {
                "description": "The output from a GetRegion deployment. { prefix: string, isPrimary:bool }"
            },
            "defaultValue": {
                "prefix": "",
                "isPrimary": true
            }
        }
    },
    "variables": {
        "useEnvName": "[not(equals(parameters('environmentName'), 'Prod'))]",
        "envSuffix": "[if(variables('useEnvName'),concat('-',parameters('environmentName')),'')]",
        "applicationInsightsName": "[toLower(if(empty(parameters('applicationInsightsName')),concat('appi-',parameters('appName'), parameters('region').prefix, variables('envSuffix')), parameters('applicationInsightsName')))]"
    },
    "functions": [
        {
            "namespace": "local",
            "members": {
                "buildTags": {
                    "parameters": [
                        {
                            "name": "resourceName",
                            "type": "string"
                        },
                        {
                            "name": "tags",
                            "type": "object"
                        },
                        {
                            "name": "targetResourceId",
                            "type": "string"
                        }
                    ],
                    "output": {
                        "type": "object",
                        "value": "[
                            union(
                                parameters('tags'), 
                                json(concat('{\"displayName\":\"',parameters('resourceName'),'\"}')),
                                json(if(empty(parameters('targetResourceId')), '{}', concat('{\"hidden-link:', parameters('targetResourceId'), '\":\"Resource\"}') ))
                            )
                            ]"
                    }
                }
            }
        }
    ],
    "resources": [
        {
            "type": "Microsoft.Insights/components",
            "apiVersion": "2015-05-01",
            "name": "[variables('applicationInsightsName')]",
            "location": "[resourceGroup().location]",
            "tags": "[local.buildTags(format('Application Insights for {0}', parameters('appName')), parameters('sharedResourceTags'), parameters('targetResourceId'))]",
            "kind": "web",
            "properties": {
                "Application_Type": "web"
            }
        }
    ],
    "outputs": {
        "appInsightsName": {
            "type": "string",
            "value": "[variables('applicationInsightsName')]"
        },
        "instrumentationKey": {
            "type": "string",
            "value": "[reference(resourceId('microsoft.insights/components/', variables('applicationInsightsName')), '2015-05-01').InstrumentationKey]"
        }
    }
}