{
    "$schema": "https://schema.management.azure.com/schemas/2019-04-01/deploymentTemplate.json#",
    "contentVersion": "1.0.0.0",
    "parameters": {
        "sharedResourceTags": {
            "type": "object",
            "defaultValue": {
            },
            "metadata": {
                "description": "Tags for resources that are shared across an environment"
            }
        },
        "environmentName": {
            "type": "string",
            "metadata": {
                "description": "The environment (e.g. Dev, SIT, UAT, Prod)"
            },
            "defaultValue": "Dev",
            "minLength": 1
        },
        "sku": {
            "type": "object",
            "defaultValue": {
                "name": "Standard",
                "tier": "Standard"
            },
            "metadata": {
                "description": "ServiceBus namespace sku",
                "seealso": "https://docs.microsoft.com/en-us/azure/templates/microsoft.servicebus/namespaces#sbsku-object"
            }
        },
        "region": {
            "type": "Object",
            "metadata": {
                "description": "The output from a GetRegion deployment. { prefix: string, isPrimary:bool }"
            },
            "defaultValue": {
                "prefix": "",
                "isPrimary": true
            }
        },
        "enableDiagnostics": {
            "type": "bool",
            "defaultValue": true
        },
        "diagnosticsWorkspaceResourceId": {
            "type": "string",
            "metadata": {
                "description": "Resource Id for Log Storage account"
            },
            "defaultValue": ""
        },
        "projectName": {
            "type": "string",
            "metadata": {
                "description": "The name of the project to be included in the resource names"
            }
        },
        "diagnosticsStorageResourceId": {
            "type": "string",
            "metadata": {
                "description": "Resource Id for Log Analytics Workspace"
            },
            "defaultValue": ""
        },
        "secondaryServiceBusName": {
            "type": "string",
            "metadata": {
                "description": "Name of the secondary service bus that will be disaster recovery for this one"
            }
        },
        "index": {
            "type": "string",
            "metadata": {
                "description": "the index value to be added at the end of the name of the resource. This is to support multiple resources of the same type"
            },
            "defaultValue": "01"
        },
        "publicNetworkAccess": {
            "type": "string",
            "metadata": {
                "description": "This determines if traffic is allowed over public network. By default it is enabled. Recommended to be 'Disabled'"
            },
            "allowedValues": [ "Disabled", "Enabled", "SecuredByPerimeter" ],
            "defaultValue": "Enabled"
        }
    },
    "variables": {
        "serviceBusName": "[toLower(concat(parameters('environmentName'), '-', parameters('region').prefix, '-', parameters('projectName'), '-sb', parameters('index')))]",
        "aliasName": "[toLower(concat(parameters('environmentName'), '-gbl-', parameters('projectName'), '-sb', parameters('index')))]",
        "resourceIdSecondary": "[resourceId('Microsoft.ServiceBus/namespaces', parameters('secondaryServiceBusName'))]"
    },
    "resources": [
        {
            "type": "Microsoft.ServiceBus/namespaces",
            "apiVersion": "2022-01-01-preview",
            "name": "[variables('serviceBusName')]",
            "location": "[resourceGroup().location]",
            "tags": "[parameters('sharedResourceTags')]",
            "sku": "[parameters('sku')]",
            "properties": {
                "zoneRedundant": false,
                "publicNetworkAccess": "[parameters('publicNetworkAccess')]"
            },
            "resources": [
                {
					"apiVersion": "2017-04-01",
					"name": "[variables('aliasName')]",
					"type": "disasterRecoveryConfigs",
					"dependsOn": [
						"[concat('Microsoft.ServiceBus/namespaces/', variables('serviceBusName'))]"
					],
					"properties": {
						"partnerNamespace": "[variables('resourceIdSecondary')]"
					}
				},
                {
                    "type": "providers/diagnosticSettings",
                    "name": "microsoft.insights/diagnostics",
                    "dependsOn": [
                        "[resourceId('Microsoft.ServiceBus/namespaces', variables('serviceBusName'))]"
                    ],
                    "condition": "[parameters('enableDiagnostics')]",
                    "apiVersion": "2017-05-01-preview",
                    "properties": {
                        "name": "diagnostics",
                        "storageAccountId": "[parameters('diagnosticsStorageResourceId')]",
                        "workspaceId": "[parameters('diagnosticsWorkspaceResourceId')]",
                        "logs": [
                            {
                                "category": "OperationalLogs",
                                "enabled": true
                            }
                        ],
                        "metrics": [
                            {
                                "category": "AllMetrics",
                                "enabled": true
                            }
                        ]
                    }
                }
            ]
        }
    ],
    "outputs": {
        "serviceBusNamespace": {
            "type": "string",
            "value": "[variables('serviceBusName')]"
        },
        "serviceBusNamespaceId": {
            "type": "string",
            "value": "[resourceId('Microsoft.ServiceBus/namespaces', variables('serviceBusName'))]"
        }
    }
}