{
  "$schema": "https://schema.management.azure.com/schemas/2019-04-01/deploymentTemplate.json#",
  "contentVersion": "1.0.0.0",
  "parameters": {
    "functionAppName": {
      "type": "string"
    },
    "functionAppResourceGroup": {
      "type": "string"
    },
    "functionAppInsightsName": {
      "type": "string"
    },
    "functionKey": {
      "type": "string"
    },
    "apimName": {
      "type": "String"
    },
    "apimResourceGroup": {
      "type": "String"
    },
    "environmentName": {
      "type": "string",
      "metadata": {
        "description": "The environment (e.g. Dev, SIT, UAT, Prod)"
      },
      // "allowedValues": [
      //     "Dev",
      //     "SIT",
      //     "UAT",
      //     "Prod"
      // ],
      "defaultValue": "Dev",
      "minLength": 1
    },
    "branchPath": {
      "type": "string",
      "metadata": {
        "description": "The branch path"
      },
      "minLength": 1
    },
    "appName": {
      "type": "string",
      "metadata": {
        "description": "The application name"
      },
      "minLength": 5,
      "defaultValue": "[resourceGroup().name]"
    },
    "productName": {
      "type": "string",
      "metadata": {
        "description": "The product name"
      },
      "defaultValue": ""
    },
    "displayName": {
      "type": "string",
      "metadata": {
        "description": "The application display name"
      }
    },
    "apimFunctionKey": {
      "type": "string",
      "defaultValue": "[base64(newGuid())]"
    },
    "majorVersion": {
      "type": "string",
      "metadata": {
        "description": "The major version of the application"
      }
    },
    "appNamePathOverride": {
      "type": "string",
      "metadata": {
        "description": "The API path override"
      }
    },
    "subscriptionRequired": {
      "type": "bool",
      "defaultValue": true
    },
    "storageUri": {
      "type": "string"
    },
    "sasToken": {
      "type": "string"
    },
    "operations": {
      "type": "Array"
    },
    "httpCorrelationProtocol": {
      "type": "string",
      "metadata": {
        "description": "The HTTP correllation protocol to use."
      },
      "allowedValues": [
        "None",
        "Legacy",
        "W3C"
      ],
      "defaultValue": "W3C"
    },
    "allPolicyFile": {
      "type": "string",
      "metadata": {
        "description": "The root policy file for all endpoints under this API. "
      },
      "defaultValue": "all.xml"
    },
    "swaggerUrl": {
      "type": "string",
      "metadata": {
        "description": "The OpenApi JSON specification for this API"
      },
      "defaultValue": "/apis/OpenApiDocument.OpenApi3_0.json"
    },
    "enablePipelineLogging": {
      "type": "bool",
      "metadata": {
        "description": "Whether to enable pipeline logging for all requests. This should be used only in environments with test data."
      },
      "defaultValue": false
    },
    "logHeaders": {
      "type": "Array",
      "metadata": {
        "description": "The headers to log when pipeline logging (via enablePipelineLogging) is on."
      },
      "defaultValue": []
    },
    "functionInsightsSubscription": {
      "type": "string",
      "metadata": {
        "description": "The subscription id for the function insights."
      },
      "defaultValue": "[subscription().subscriptionId]"
    }
  },
  "variables": {
    "branchName": "[toLower(last(split(parameters('branchPath'), '/')))]",
    "useEnvName": "[not(equals(parameters('environmentName'), 'Prod'))]",
    "useBranchName": "[not(equals(variables('branchName'),'master'))]",
    "envSuffix": "[if(variables('useEnvName'),concat('-',parameters('environmentName')),'')]",
    "apimSubscriptionKey": "[base64(guid(parameters('apimFunctionKey')))]",
    "apiPathName": "[if(empty(parameters('appNamePathOverride')), concat(parameters('appName'), variables('envSuffix')), parameters('appNamePathOverride'))]",
    "apiPath": "[if(variables('useBranchName'), toLower(format('{0}/{1}', variables('apiPathName'), variables('branchName'))), toLower(variables('apiPathName')))]",
    "apiProductName": "[if(equals(parameters('productName'), ''), parameters('appName'), parameters('productName'))]",
    "displayName": "[if(variables('useBranchName'), concat(coalesce(parameters('displayName'), parameters('appName')), ' [', variables('branchName'), ']'), coalesce(parameters('displayName'), parameters('appName')))]",
    "apiVersionSetFriendlyName": "[variables('displayName')]",
    "apiVersionSetName": "[guid(variables('apiVersionSetFriendlyName'))]",
    "functionAppInsightsLoggerCredentialsName": "[concat('Logger-Credentials-', parameters('functionAppInsightsName'))]",
    "swaggerUrl": "[concat(parameters('storageUri'), parameters('swaggerUrl'), parameters('sasToken'))]",
    "copy": [
      {
        "name": "operations",
        "count": "[length(parameters('operations'))]",
        "input": {
          "name": "[replace(parameters('operations')[copyIndex('operations')], '.xml', '')]",
          "resourceName": "[concat(parameters('apimName'), '/', parameters('functionAppName'), '/', replace(parameters('operations')[copyIndex('operations')], '.xml', ''), '/policy')]",
          "policyFile": "[concat(parameters('storageUri'), '/apis/policies/', parameters('operations')[copyIndex('operations')], parameters('sasToken'))]"
        }
      }
    ],
    "environmentsToLog": [ "Dev", "SIT", "UAT", "Prod" ],
    "enablePipelineLogging": "[or(contains(variables('environmentsToLog'), parameters('environmentName')), parameters('enablePipelineLogging'))]",
    "pipelineDiagnosticSettings": {
      "request": {
        "headers": "[parameters('logHeaders')]",
        "body": {
          "bytes": 8192
        }
      },
      "response": {
        "headers": "[parameters('logHeaders')]",
        "body": {
          "bytes": 8192
        }
      }
    }
  },
  "resources": [
    {
      "type": "Microsoft.ApiManagement/service/apiVersionSets",
      "apiVersion": "2019-01-01",
      "name": "[concat(parameters('apimName'), '/', variables('apiVersionSetName'))]",
      "properties": {
        "displayName": "[variables('apiVersionSetFriendlyName')]",
        "versioningScheme": "Segment"
      }
    },
    {
      "type": "Microsoft.ApiManagement/service/apis",
      "apiVersion": "2019-12-01",
      "name": "[concat(parameters('apimName'), '/', parameters('functionAppName'))]",
      "dependsOn": [
        "[resourceId(parameters('apimResourceGroup'),'Microsoft.ApiManagement/service/apiVersionSets', parameters('apimName'), variables('apiVersionSetName'))]"
      ],
      "properties": {
        "displayName": "[parameters('functionAppName')]",
        "apiRevision": "1", // not sure if we can drive this off the minor version or not
        "description": "[format('Import from \"{0}\" Function App', parameters('functionAppName'))]",
        "subscriptionRequired": "[parameters('subscriptionRequired')]",
        "path": "[variables('apiPath')]",
        "format": "openapi+json-link",
        "value": "[variables('swaggerUrl')]",
        "protocols": [
          "https"
        ],
        "isCurrent": true,
        "apiVersion": "[format('v{0}', parameters('majorVersion'))]",
        "apiVersionSetId": "[resourceId(parameters('apimResourceGroup'),'Microsoft.ApiManagement/service/apiVersionSets', parameters('apimName'), variables('apiVersionSetName'))]"
      },
      "resources": [
        {
          "type": "policies",
          "apiVersion": "2019-12-01",
          "name": "policy",
          "dependsOn": [
            "[resourceId(parameters('apimResourceGroup'), 'Microsoft.ApiManagement/service/apis', parameters('apimName'), parameters('functionAppName'))]"
          ],
          "properties": {
            "value": "[concat(parameters('storageUri'), '/apis/policies/', parameters('allPolicyFile'), parameters('sasToken'))]",
            "format": "rawxml-link"
          }
        },
        {
          "type": "diagnostics",
          "apiVersion": "2019-01-01",
          "name": "applicationinsights",
          "dependsOn": [
            "[resourceId(parameters('apimResourceGroup'), 'Microsoft.ApiManagement/service/apis', parameters('apimName'), parameters('functionAppName'))]",
            "[resourceId(parameters('apimResourceGroup'), 'Microsoft.ApiManagement/service/loggers', parameters('apimName'),  parameters('functionAppInsightsName'))]"
          ],
          "properties": {
            "alwaysLog": "allErrors",
            "loggerId": "[resourceId('Microsoft.ApiManagement/service/loggers', parameters('apimName'),  parameters('functionAppInsightsName'))]",
            "sampling": {
              "samplingType": "fixed",
              "percentage": 100
            },
            "frontend": "[if(variables('enablePipelineLogging'), variables('pipelineDiagnosticSettings'), json('{}'))]",
            "backend": "[if(variables('enablePipelineLogging'), variables('pipelineDiagnosticSettings'), json('{}'))]",
            "httpCorrelationProtocol": "[parameters('httpCorrelationProtocol')]"
          }
        }
      ]
    },
    {
      "type": "Microsoft.ApiManagement/service/apis/operations/policies",
      "apiVersion": "2019-01-01",
      "name": "[variables('operations')[copyIndex('operationsCopy')].resourceName]",
      "dependsOn": [
        "[resourceId(parameters('apimResourceGroup'), 'Microsoft.ApiManagement/service/apis', parameters('apimName'), parameters('functionAppName'))]"
      ],
      "properties": {
        "value": "[variables('operations')[copyIndex('operationsCopy')].policyFile]",
        "format": "rawxml-link"
      },
      "copy": {
        "name": "operationsCopy",
        "count": "[length(variables('operations'))]"
      }
    },
    {
      "type": "Microsoft.ApiManagement/service/backends",
      "apiVersion": "2019-01-01",
      "name": "[concat(parameters('apimName'), '/', parameters('functionAppName'))]",
      "dependsOn": [
        "[resourceId(parameters('apimResourceGroup'), 'Microsoft.ApiManagement/service/properties', parameters('apimName'), concat(parameters('functionAppName'), '-key'))]"
      ],
      "properties": {
        "description": "[parameters('functionAppName')]",
        "url": "[concat('https://', parameters('functionAppName'), '.azurewebsites.net/api')]",
        "protocol": "http",
        "resourceId": "[concat(environment().resourceManager, resourceId('Microsoft.Web/sites', parameters('functionAppName')))]",
        "credentials": {
          "header": {
            "x-functions-key": [
              "[concat('{{', parameters('functionAppName'), '-key}}')]"
            ]
          }
        }
      }
    },
    {
      "type": "Microsoft.ApiManagement/service/products",
      "apiVersion": "2019-01-01",
      "name": "[concat(parameters('apimName'), '/', variables('apiProductName'))]",
      "dependsOn": [
      ],
      "properties": {
        "displayName": "[variables('apiProductName')]",
        "description": "[variables('apiProductName')]",
        "subscriptionRequired": "[parameters('subscriptionRequired')]",
        "state": "published"
      },
      "resources": [
        {
          "type": "apis",
          "apiVersion": "2019-01-01",
          "name": "[parameters('functionAppName')]",
          "dependsOn": [
            "[resourceId(parameters('apimResourceGroup'), 'Microsoft.ApiManagement/service/apis', parameters('apimName'), parameters('functionAppName'))]",
            "[resourceId(parameters('apimResourceGroup'), 'Microsoft.ApiManagement/service/products', parameters('apimName'), variables('apiProductName'))]"
          ],
          "properties": {
          }
        }
      ]
    },
    {
      "type": "Microsoft.ApiManagement/service/properties",
      "apiVersion": "2019-01-01",
      "name": "[concat(parameters('apimName'), '/', parameters('functionAppName'), '-key')]",
      "properties": {
        "displayName": "[concat(parameters('functionAppName'),'-key')]",
        "value": "[parameters('functionKey')]",
        "tags": [
          "key",
          "function",
          "auto"
        ],
        "secret": true
      }
    },
    {
      "type": "Microsoft.ApiManagement/service/loggers",
      "apiVersion": "2019-01-01",
      "name": "[concat(parameters('apimName'), '/', parameters('functionAppInsightsName'))]",
      "dependsOn": [
        "[resourceId(parameters('apimResourceGroup'), 'Microsoft.ApiManagement/service/namedValues', parameters('apimName'), variables('functionAppInsightsLoggerCredentialsName'))]"
      ],
      "properties": {
        "loggerType": "applicationInsights",
        "credentials": {
          "instrumentationKey": "[concat('{{',variables('functionAppInsightsLoggerCredentialsName'),'}}')]"
        },
        "isBuffered": true,
        "resourceId": "[resourceId(parameters('functionInsightsSubscription'), parameters('functionAppResourceGroup'), 'microsoft.insights/components/', parameters('functionAppInsightsName'))]"
      }
    },
    {
      "type": "Microsoft.ApiManagement/service/namedValues",
      "apiVersion": "2019-12-01-preview",
      "name": "[concat(parameters('apimName'), '/', variables('functionAppInsightsLoggerCredentialsName'))]",
      "dependsOn": [
      ],
      "properties": {
        "displayName": "[variables('functionAppInsightsLoggerCredentialsName')]",
        "secret": true,
        "value": "[reference(resourceId(parameters('functionInsightsSubscription'), parameters('functionAppResourceGroup'), 'microsoft.insights/components/', parameters('functionAppInsightsName')), '2015-05-01').InstrumentationKey]"
      }
    }
  ],
  "outputs": {
    "FunctionBaseUrl": {
      "type": "string",
      "value": "[uri(reference(resourceId(parameters('apimResourceGroup'), 'Microsoft.ApiManagement/service', parameters('apimName')), '2019-01-01').gatewayUrl, variables('apiPath'))]"
    },
    "FunctionAuthKey": {
      "type": "string",
      "value": "[variables('apimSubscriptionKey')]"
    },
    "Operations": {
      "type": "array",
      "value": "[variables('operations')]"
    },
    "OperationsLength": {
      "type": "int",
      "value": "[length(variables('operations'))]"
    },
    "ProductName": {
      "type": "string",
      "value": "[variables('apiProductName')]"
    }
  }
}
// https://www.devprotocol.com/use-policy-expressions-with-named-values-in-azure-api-management/
