{
    "$schema": "https://schema.management.azure.com/schemas/2019-04-01/deploymentTemplate.json#",
    "contentVersion": "1.0.0.0",
    "parameters": {
        "functionAppName": {
            "type": "string"
        },
        "functionKey": {
            "type": "string"
        },
        "apimName": {
            "type": "String"
        },
        "apimResourceGroup": {
            "type": "String"
        },
        "environmentName": {
            "type": "string",
            "metadata": {
                "description": "The environment (e.g. Dev, SIT, UAT, Prod)"
            },
            "allowedValues": [
                "Dev",
                "SIT",
                "UAT",
                "Prod"
            ],
            "defaultValue": "Dev",
            "minLength": 1
        },
        "branchPath": {
            "type": "string",
            "metadata": {
                "description": "The branch path"
            },
            "minLength": 1
        },
        "appName": {
            "type": "string",
            "metadata": {
                "description": "The application name"
            },
            "minLength": 5,
            "defaultValue": "[resourceGroup().name]"
        },
        "appNamePathOverride": {
            "type": "string",
            "metadata": {
                "description": "The API path override"
            }
        },
        "storageUri": {
            "type": "string"
        },
        "sasToken": {
            "type": "string"
        },
        "allPolicyFile": {
            "type": "string",
            "defaultValue": "all.xml"
        },
        "apiNameOverride": {
            "type": "string",
            "defaultValue": "[parameters('functionAppName')]"
        }
    },
    "variables": {
        "branchName": "[toLower(last(split(parameters('branchPath'), '/')))]",
        "useEnvName": "[not(equals(parameters('environmentName'), 'Prod'))]",
        "useBranchName": "[not(equals(variables('branchName'),'master'))]",
        "envSuffix": "[if(variables('useEnvName'),concat('-',parameters('environmentName')),'')]",
        "apiPathName": "[if(empty(parameters('appNamePathOverride')), concat(parameters('appName'), variables('envSuffix')), parameters('appNamePathOverride'))]",
        "apiPath": "[if(variables('useBranchName'), toLower(format('{0}/{1}', variables('apiPathName'), variables('branchName'))), toLower(variables('apiPathName')))]"
    },
    "resources": [
        {
            "type": "Microsoft.ApiManagement/service/apis/policies",
            "apiVersion": "2019-12-01",
            "name": "[concat(parameters('apimName'), '/', parameters('apiNameOverride'), '/policy')]",
            "properties": {
                "value": "[concat(parameters('storageUri'), '/apis/policies/', parameters('allPolicyFile'), parameters('sasToken'))]",
                "format": "rawxml-link"
            }
        },
        {
            "type": "Microsoft.ApiManagement/service/backends",
            "apiVersion": "2019-01-01",
            "name": "[concat(parameters('apimName'), '/', parameters('functionAppName'))]",
            "dependsOn": [
                "[resourceId(parameters('apimResourceGroup'), 'Microsoft.ApiManagement/service/properties', parameters('apimName'), concat(parameters('functionAppName'), '-key'))]"
            ],
            "properties": {
                "description": "[parameters('functionAppName')]",
                "url": "[concat('https://', parameters('functionAppName'), '.azurewebsites.net/api')]",
                "protocol": "http",
                "resourceId": "[concat(environment().resourceManager, resourceId('Microsoft.Web/sites', parameters('functionAppName')))]",
                "credentials": {
                    "header": {
                        "x-functions-key": [
                            "[concat('{{', parameters('functionAppName'), '-key}}')]"
                        ]
                    }
                }
            }
        },
        {
            "type": "Microsoft.ApiManagement/service/properties",
            "apiVersion": "2019-01-01",
            "name": "[concat(parameters('apimName'), '/', parameters('functionAppName'), '-key')]",
            "properties": {
                "displayName": "[concat(parameters('functionAppName'),'-key')]",
                "value": "[parameters('functionKey')]",
                "tags": [
                    "key",
                    "function",
                    "auto"
                ],
                "secret": true
            }
        }
    ],
    "outputs": {
        "FunctionBaseUrl": {
            "type": "string",
            "value": "[uri(reference(resourceId(parameters('apimResourceGroup'), 'Microsoft.ApiManagement/service', parameters('apimName')), '2019-01-01').gatewayUrl, variables('apiPath'))]"
        }
    }
}