{
    "$schema": "https://schema.management.azure.com/schemas/2019-08-01/deploymentTemplate.json#",
    "contentVersion": "1.0.0.0",
    "parameters": {
        "storageSku": {
            "type": "string",
            "defaultValue": "Standard_LRS",
            "allowedValues": [
                "Standard_LRS",
                "Standard_GRS",
                "Standard_RAGRS"
            ]
        },
        "storageKind": {
            "type": "string",
            "defaultValue": "StorageV2"
        },
        "containerName": {
            "type": "string",
            "defaultValue": ""
        },
        "sasTokenExpiry": {
            "type": "string",
            "defaultValue": ""
        },
        "accountSasProperties": {
            "type": "object",
            "defaultValue": {
                "signedServices": "b",
                "signedPermission": "rl",
                "signedExpiry": "[parameters('sasTokenExpiry')]",
                "signedResourceTypes": "o"
            }
        },
        "majorVersion": {
            "type": "string",
            "metadata": {
                "description": "The major version of the application"
            },
            "defaultValue": ""
        },
        "environmentName": {
            "type": "string",
            "metadata": {
                "description": "The environment (e.g. Dev, SIT, UAT, Prod)"
            },
            "defaultValue": "Dev",
            "minLength": 1
        },
        "branchPath": {
            "type": "string",
            "metadata": {
                "description": "The branch path"
            },
            "defaultValue": ""
        },
        "sharedResourceTags": {
            "type": "object",
            "defaultValue": {
            },
            "metadata": {
                "description": "Tags for resources that are shared across an environment"
            }
        },
        "selectedNetworksOnly": {
            "type": "bool",
            "defaultValue": false,
            "metadata": {
                "description": "Whether to limit to only selected networks in firewall"
            }
        },
        "virtualNetworkRules": {
            "type": "array",
            "defaultValue": [],
            "metadata": {
                "description": "See https://docs.microsoft.com/en-us/azure/templates/microsoft.storage/storageaccounts#virtualnetworkrule-object"
            }
        },
        "ipRules": {
            "type": "array",
            "defaultValue": [],
            "metadata": {
                "description": "See https://docs.microsoft.com/en-us/azure/templates/microsoft.storage/storageaccounts#iprule-object"
            }
        },
        "projectName": {
            "type": "string",
            "metadata": {
                "description": "The name of the project to be included in the resource names"
            },
            "defaultValue": ""
        },
        "region": {
            "type": "string",
            "metadata": {
                "description": "The region prefix"
            },
            "defaultValue": "",
            "allowedValues":[
                "edc",
                "sdc",
                ""
            ]
        },
        "storageAccountName": {
            "type": "string",
            "metadata": {
                "description": "Name of the storage account to be used for deployments"
            },
            "defaultValue": ""
        }
    },
    "variables": {
        "branchName": "[toLower(last(split(parameters('branchPath'), '/')))]",
        "useEnvName": "[not(equals(parameters('environmentName'), 'Prod'))]",
        "envSuffix": "[if(variables('useEnvName'),parameters('environmentName'),'')]",
        "useBranchName": "[not(or(equals(variables('branchName'),'master'), equals(variables('branchName'),'')))]",
        "branchSuffix": "[if(variables('useBranchName'),concat('-',variables('branchName')),'')]",
        "useVersionSuffix": "[not(equals(parameters('majorVersion'), ''))]",
        "versionSuffix": "[if(variables('useVersionSuffix'),concat('-v', parameters('majorVersion')), '')]",
        "sanitizedProjectName": "[take(replace(parameters('projectName'),'-',''), 10)]",
        "storageAccountName": "[if(empty(parameters('storageAccountName')), take(toLower(concat('st',variables('sanitizedProjectName'),variables('envSuffix'), parameters('region'),'deploy')), 24), parameters('storageAccountName'))]",
        "containerName": "[concat(parameters('containerName'), variables('versionSuffix'), variables('branchSuffix'))]",
        "generateSasToken": "[not(empty(parameters('sasTokenExpiry')))]"
    },
    "resources": [
        {
            "type": "Microsoft.Storage/storageAccounts",
            "name": "[variables('storageAccountName')]",
            "apiVersion": "2018-07-01",
            "sku": {
                "name": "[parameters('storageSku')]"
            },
            "kind": "[parameters('storageKind')]",
            "tags": "[parameters('sharedResourceTags')]",
            "location": "[resourceGroup().location]",
            "properties": {
                "networkAcls": {
                    "bypass": "AzureServices",
                    "virtualNetworkRules": "[parameters('virtualNetworkRules')]",
                    "ipRules": "[parameters('ipRules')]",
                    "defaultAction": "[if(parameters('selectedNetworksOnly'), 'Deny', 'Allow')]"
                },
                "supportsHttpsTrafficOnly": true,
                "encryption": {
                    "services": {
                        "file": {
                            "enabled": true
                        },
                        "blob": {
                            "enabled": true
                        }
                    },
                    "keySource": "Microsoft.Storage"
                },
                "accessTier": "Hot"
            },
            "resources": [
                {
                    "name": "[concat('default/', variables('containerName'))]",
                    "condition": "[not(empty(parameters('containerName')))]",
                    "type": "blobServices/containers",
                    "apiVersion": "2018-07-01",
                    "dependsOn": [
                        "[variables('storageAccountName')]"
                    ]
                },
                {
                    "name": "default",
                    "type": "managementPolicies",
                    "apiVersion": "2019-04-01",
                    "dependsOn": [
                        "[variables('storageAccountName')]"
                    ],
                    "properties": {
                        "policy": {
                            "rules": [
                                {
                                    "enabled": true,
                                    "name": "cleanup-templates-after-1-day",
                                    "type": "Lifecycle",
                                    "definition": {
                                        "actions": {
                                            "baseBlob": {
                                                "tierToCool": {
                                                    "daysAfterModificationGreaterThan": "1"
                                                },
                                                "tierToArchive": {
                                                    "daysAfterModificationGreaterThan": "1"
                                                },
                                                "delete": {
                                                    "daysAfterModificationGreaterThan": "1"
                                                }
                                            },
                                            "snapshot": {
                                                "delete": {
                                                    "daysAfterCreationGreaterThan": "1"
                                                }
                                            }
                                        },
                                        "filters": {
                                            // "prefixMatch": [
                                            //     "string"
                                            // ],
                                            "blobTypes": [ "blockBlob" ]
                                        }
                                    }
                                }
                            ]
                        }
                    }
                }
            ]
        }
    ],
    "outputs": {
        "deploymentStorageAccountName": {
            "type": "string",
            "value": "[variables('storageAccountName')]"
        },
        "deploymentStorageAccountId": {
            "type": "string",
            "value": "[resourceId('Microsoft.Storage/storageAccounts', variables('storageAccountName'))]"
        },
        "deploymentStorageAccountSasToken": {
            "type": "string",
            "value": "[concat('?', listAccountSas(variables('storageAccountName'), '2018-07-01', parameters('accountSasProperties')).accountSasToken)]",
            "condition": "[variables('generateSasToken')]"
        },
        "deploymentStorageAccountKey": {
            "type": "string",
            "value": "[listKeys(variables('storageAccountName'), '2019-06-01').keys[0].value]"
        },
        "deploymentStorageConnectionString": {
            "type": "string",
            "value": "[concat('DefaultEndpointsProtocol=https;AccountName=', variables('storageAccountName'), ';AccountKey=', listKeys(resourceId(resourceGroup().name, 'Microsoft.Storage/storageAccounts', variables('storageAccountName')), '2019-06-01').keys[0].value)]"
        },
        "deploymentStorageContainerName": {
            "type": "string",
            "value": "[variables('containerName')]",
            "condition": "[not(empty(parameters('containerName')))]"
        },
        "deploymentStorageContainerUri": {
            "type": "string",
            "value": "[concat(reference(resourceId('Microsoft.Storage/storageAccounts', variables('storageAccountName'))).primaryEndpoints.blob, variables('containerName'))]",
            "condition": "[not(empty(parameters('containerName')))]"
        }
    }
}