{
    "$schema": "https://schema.management.azure.com/schemas/2019-08-01/deploymentTemplate.json#",
    "contentVersion": "1.0.0.0",
    "parameters": {
        "apimName": {
            "type": "String",
            "metadata": {
                "description": "The APIM name"
            }
        },
        "name": {
            "type": "string",
            "metadata": {
                "description": "The named value name"
            }
        },
        "displayName": {
            "type": "string",
            "metadata": {
                "description": "Unique name of NamedValue. It may contain only letters, digits, period, dash, and underscore characters."
            },
            "defaultValue": "[parameters('name')]"
        },
        "keyVaultName": {
            "type": "string",
            "metadata": {
                "description": "The key vault name"
            }
        },
        "secretName": {
            "type": "string",
            "metadata": {
                "description": "The secret name"
            }
        },
        "tags": {
            "type": "array",
            "metadata": {
                "description": "Tags for the named value",
                "example": ["outbound", "sfa"]
            }
        }
    },
    "resources": [
        {
            "type": "Microsoft.ApiManagement/service/namedValues",
            "apiVersion": "2021-08-01",
            "name": "[concat(parameters('apimName'), '/', parameters('name'))]",
            "dependsOn": [],
            "properties": {
                "displayName": "[parameters('displayName')]",
                "secret": true,
                "keyVault":
                {
                    "secretIdentifier": "[concat('https://', parameters('keyVaultName'), '.vault.azure.net/secrets/', parameters('secretName'))]"
                },
                "tags": "[parameters('tags')]"
            }
        }
    ],
    "outputs": {
    }
}
// https://docs.microsoft.com/en-us/azure/api-management/api-management-howto-properties?tabs=azure-portal#use-a-named-value