{
    "$schema": "https://schema.management.azure.com/schemas/2019-08-01/deploymentTemplate.json#",
    "contentVersion": "1.0.0.0",
    "parameters": {
        "templatesUri": {
            "type": "string",
            "metadata": {
                "description": "The Storage Uri for fetching templates"
            },
            "defaultValue": "[deployment().properties.templateLink.uri]"
        },
        "sasToken": {
            "type": "string",
            "metadata": {
                "description": "The SAS token to use with Storage Uri for fetching templates"
            },
            "defaultValue": "[deployment().properties.templateLink.queryString]"
        },
        "resourceGroupName": {
            "type": "string",
            "metadata": {
                "description": "The resource group name"
            },
            "defaultValue": "[resourceGroup().name]"
        },
        "deploymentMode": {
            "type": "string",
            "allowedValues": [
                "Incremental",
                "Complete"
            ],
            "metadata": {
                "description": "The deployment mode"
            },
            "defaultValue": "Incremental"
        },
        "environmentName": {
            "type": "string",
            "metadata": {
                "description": "The environment (e.g. Dev, SIT, UAT, Prod)"
            },
            "defaultValue": "Dev",
            "minLength": 1
        },
        "appName": {
            "type": "string",
            "metadata": {
                "description": "The application name"
            },
            "minLength": 5,
            "defaultValue": "[resourceGroup().name]"
        },
        "majorVersion": {
            "type": "string",
            "metadata": {
                "description": "The major version of the application"
            },
            "defaultValue": ""
        },
        "sharedResourceTags": {
            "type": "object",
            "defaultValue": {
            },
            "metadata": {
                "description": "Tags for resources that are shared across an environment"
            }
        },
        "retainKeyVaultAccessPolicies": {
            "type": "bool",
            "metadata": {
                "description": "Whether to use existing access policies"
            }
        },
        "diagnosticsWorkspaceResourceId": {
            "type": "string",
            "metadata": {
                "description": "Resource Id for Log Analytics Workspace"
            },
            "defaultValue": ""
        },
        "diagnosticsStorageResourceId": {
            "type": "string",
            "metadata": {
                "description": "Resource Id for Log Analytics Workspace"
            },
            "defaultValue": ""
        },
        "privateDnsZoneResourceGroupName": {
            "type": "string",
            "metadata": {
                "description": "The name of the resource group for private dns zones such as privatelink.blob.core.windows.net to sit within"
            },
            "defaultValue": ""
        },
        "privateDnsZoneResourceGroupSubscription": {
            "type": "string",
            "metadata": {
                "description": "The subscription id for the private dns zones."
            },
            "defaultValue": "[subscription().subscriptionId]"
        },
        "privateEndpointVnetResourceGroup": {
            "type": "string",
            "metadata": {
                "description": "The name of the resource group containing the virtual network resources"
            },
            "defaultValue": ""
        },
        "privateEndpointVnetName": {
            "type": "string",
            "metadata": {
                "description": "The name of the virtual network resource to which the private endpoint should belong"
            },
            "defaultValue": ""
        },
        "privateEndpointSubnetName": {
            "type": "string",
            "metadata": {
                "description": "The name of the subnet resource to which private endpoints resources belong"
            },
            "defaultValue": ""
        },
        "sku": {
            "type": "object",
            "metadata": {
                "description": "KeyVault sku object",
                "seealso": "https://docs.microsoft.com/en-us/azure/templates/microsoft.keyvault/vaults?tabs=json#sku-object"
            },
            "defaultValue": {
                "name": "standard",
                "family": "A"
            }
        }
    },

    "variables": {
        "deploymentSuffix": "[substring(deployment().name, indexOf(deployment().name, '-'))]",
        "functionKeyVaultDeploymentName": "[concat('funcKeyVault', variables('deploymentSuffix'))]",
        "functionKeyVaultPrivateEndpointDeploymentName": "[concat('funcKeyVaultPrivateEndpoint', variables('deploymentSuffix'))]",
        "privateEndpointSubnetId": "[resourceId(parameters('privateEndpointVnetResourceGroup'), 'Microsoft.Network/virtualNetworks/subnets', parameters('privateEndpointVnetName'), parameters('privateEndpointSubnetName'))]",
        "createPrivateEndpoint": "[not(or(empty(parameters('privateEndpointVnetResourceGroup')),empty(parameters('privateEndpointVnetName')),empty(parameters('privateEndpointSubnetName')),empty(parameters('privateDnsZoneResourceGroupName'))))]"
    },
    "resources": [
        // Function app keyvault
        {
            "name": "[variables('functionKeyVaultDeploymentName')]",
            "type": "Microsoft.Resources/deployments",
            "apiVersion": "2020-10-01",
            "comments": "This deployment creates the Key Vault",
            "condition": true,
            "resourceGroup": "[parameters('resourceGroupName')]",
            "dependsOn": [],
            "properties": {
                "mode": "[parameters('deploymentMode')]",
                "parameters": {
                    "retainKeyVaultAccessPolicies": {
                        "value": "[parameters('retainKeyVaultAccessPolicies')]"
                    },
                    "appName": {
                        "value": "[parameters('appName')]"
                    },
                    "sharedResourceTags": {
                        "value": "[parameters('sharedResourceTags')]"
                    },
                    "environmentName": {
                        "value": "[parameters('environmentName')]"
                    },
                    "majorVersion": {
                        "value": "[parameters('majorVersion')]"
                    },
                    "diagnosticsWorkspaceResourceId": {
                        "value": "[parameters('diagnosticsWorkspaceResourceId')]"
                    },
                    "diagnosticsStorageResourceId": {
                        "value": "[parameters('diagnosticsStorageResourceId')]"
                    },
                    "selectedNetworksOnly": {
                        "value": "[variables('createPrivateEndpoint')]"
                    },
                    "sku":{
                        "value": "[parameters('sku')]"
                    }
                },
                "templateLink": {
                    "contentVersion": "1.0.0.0",
                    "uri": "[concat(parameters('templatesUri'), 'Create-KeyVault.json', parameters('sasToken'))]"
                }
            }
        },
        // Function app keyvault private endpoint
        {
            "name": "[variables('functionKeyVaultPrivateEndpointDeploymentName')]",
            "type": "Microsoft.Resources/deployments",
            "apiVersion": "2020-10-01",
            "comments": "This deployment creates the private endpoint for the above keyvault",
            "condition": "[variables('createPrivateEndpoint')]",
            "resourceGroup": "[parameters('resourceGroupName')]",
            "dependsOn": [
                "[concat('Microsoft.Resources/deployments/', variables('functionKeyVaultDeploymentName'))]"
            ],
            "properties": {
                "mode": "[parameters('deploymentMode')]",
                "parameters": {
                    "privateEndpointName": {
                        "value": "[reference(concat('Microsoft.Resources/deployments/', variables('functionKeyVaultDeploymentName'))).outputs.keyVaultName.value]"
                    },
                    "subnet": {
                        "value": "[variables('privateEndpointSubnetId')]"
                    },
                    "resourceType": {
                        "value": "keyVault"
                    },
                    "privateLinkResource": {
                        "value": "[reference(concat('Microsoft.Resources/deployments/', variables('functionKeyVaultDeploymentName'))).outputs.keyVaultId.value]"
                    },
                    "privateDnsZoneResourceGroupName": {
                        "value": "[parameters('privateDnsZoneResourceGroupName')]"
                    },
                    "privateDnsZoneResourceGroupSubscription": {
                        "value": "[parameters('privateDnsZoneResourceGroupSubscription')]"
                    },
                    "tags": {
                        "value": "[parameters('sharedResourceTags')]"
                    }
                },
                "templateLink": {
                    "contentVersion": "1.0.0.0",
                    "uri": "[concat(parameters('templatesUri'), 'Create-Private-Endpoint.json', parameters('sasToken'))]"
                }
            }
        }
    ],
    "outputs": {
        "keyVaultName": {
            "type": "string",
            "value": "[reference(concat('Microsoft.Resources/deployments/', variables('functionKeyVaultDeploymentName'))).outputs.keyVaultName.value]"
        },
        "keyVaultId": {
            "type": "string",
            "value": "[reference(concat('Microsoft.Resources/deployments/', variables('functionKeyVaultDeploymentName'))).outputs.keyVaultId.value]"
        }
    }
}