{
    "$schema": "https://schema.management.azure.com/schemas/2019-08-01/deploymentTemplate.json#",
    "contentVersion": "1.0.0.0",
    "parameters": {
        "environmentName": {
            "type": "string",
            "metadata": {
                "description": "The environment (e.g. Dev, SIT, UAT, Prod)"
            },
            "defaultValue": "Dev",
            "minLength": 1
        },
        "appName": {
            "type": "string",
            "metadata": {
                "description": "The application name"
            },
            "minLength": 5,
            "defaultValue": "[resourceGroup().name]"
        },
        "majorVersion": {
            "type": "string",
            "metadata": {
                "description": "The major version of the application"
            }
        },
        "sharedResourceTags": {
            "type": "object",
            "defaultValue": {
            },
            "metadata": {
                "description": "Tags for resources that are shared across an environment"
            }
        }
    },

    "variables": {
        "useEnvName": "[not(equals(parameters('environmentName'), 'Prod'))]",
        "envSuffix": "[if(variables('useEnvName'),concat('-',parameters('environmentName')),'')]",
        "useVersionSuffix": "[not(equals(parameters('majorVersion'), ''))]",
        "versionSuffix": "[if(variables('useVersionSuffix'),concat('-v', parameters('majorVersion')), '')]",
        "appConfigName": "[toLower(concat('conf-',parameters('appName'), variables('envSuffix'), variables('versionSuffix'), uniqueString(resourceGroup().id)))]"
    },
    "functions": [
        {
            "namespace": "local",
            "members": {
                "buildTags": {
                    "parameters": [
                        {
                            "name": "resourceName",
                            "type": "string"
                        },
                        {
                            "name": "tags",
                            "type": "object"
                        }
                    ],
                    "output": {
                        "type": "object",
                        "value": "[union(parameters('tags'), json(concat('{displayName:\"',parameters('resourceName'),'\"}')))]"
                    }
                }
            }
        }
    ],
    "resources": [
        {
            "type": "Microsoft.AppConfiguration/configurationStores",
            "apiVersion": "2019-11-01-preview",
            "name": "[variables('appConfigName')]",
            "location": "[resourceGroup().location]",
            "tags": "[local.buildTags('Open Banking Shared Configuration', parameters('sharedResourceTags'))]",
            "identity": {
                "type": "SystemAssigned"
            },
            "sku": {
                "name": "standard"
            },
            "properties": {
                "encryption": {}
            }
        }
        
    ],
    "outputs": {
        "appConfigName": {
            "type": "string",
            "value": "[variables('appConfigName')]"
        },
        "appConfigConnectionString":{
            "type": "string",
            "value": "[listKeys(resourceId(resourceGroup().name, 'Microsoft.AppConfiguration/configurationStores', variables('appConfigName')), '2019-10-01').value[0].connectionString]"
        },
        "appConfigId": {
            "type": "string",
            "value": "[resourceId('Microsoft.AppConfiguration/configurationStores', variables('appConfigName'))]"
        }
    }
}