{
    "$schema": "https://schema.management.azure.com/schemas/2019-04-01/deploymentTemplate.json#",
    "contentVersion": "1.0.0.0",
    "parameters": {
        "appName": {
            "type": "string",
            "metadata": {
                "description": "The function app name. This translates to Application.Tier"
            }
        },
        "hostName": {
            "type": "string",
            "metadata": {
                "description": "The AppDynamics host name"
            }
        },
        "accountName": {
            "type": "string",
            "metadata": {
                "description": "The AppDynamics account name"
            }
        },
        "accountAccessKey": {
            "type": "string",
            "metadata": {
                "description": "The AppDynamics account access key"
            }
        },
        "applicationName": {
            "type": "string",
            "metadata": {
                "description": "The name used to identify this application environment in AppDynamics. This translates to Application"
            }
        },
        "appDynamicsExtensionName": {
            "type": "string",
            "metadata": {
                "description": "The AppDynamics site extension name"
            },
            "defaultValue": "AppDynamics.WindowsAzure.SiteExtension.4.5.Release"
        },
        "appDynamicsExtensionVersion": {
            "type": "string",
            "metadata": {
                "description": "The AppDynamics site extension Version"
            }
        },
        "existingConfig": {
            "type": "object",
            "metadata": {
                "description": "The existing Microsoft.Web/sites/appSettings properties"
            }
        },
        "tierName": {
            "type": "string",
            "metadata": {
                "description": "Name of the application tier in appDynamics"
            },
            "defaultValue": ""
        },
        "stagingSlotName": {
            "type": "string",
            "defaultValue": "staging"
        }
    },
    "functions": [],
    "variables": {
            "tierName": "[if(empty(parameters('tierName')), parameters('appName'), parameters('tierName'))]",
            "properties": {
                "appdynamics.controller.hostName": "[parameters('hostName')]",
                "appdynamics.controller.port": "443",
                "appdynamics.controller.ssl.enabled": "true",
                "appdynamics.agent.accountName": "[parameters('accountName')]",
                "appdynamics.agent.accountAccessKey": "[parameters('accountAccessKey')]",
                "appdynamics.agent.applicationName": "[parameters('applicationName')]",
                "appdynamics.agent.tierName": "[variables('tierName')]"
            },
            "allProperties": "[union(parameters('existingConfig'), variables('properties'))]"
    },
    "resources": [
        {
            "apiVersion": "2022-03-01",
            "name": "[concat(parameters('appName'), '/', parameters('stagingSlotName'), '/', parameters('appDynamicsExtensionName'))]",
            "type": "Microsoft.Web/sites/slots/siteextensions",
            "properties": {
                "version": "[parameters('appDynamicsExtensionVersion')]"
            },
            "dependsOn": [
                "[resourceId('Microsoft.Web/sites/slots/config', parameters('appName'), parameters('stagingSlotName'), 'appsettings')]"
            ]
        },
        {
            "apiVersion": "2020-06-01",
            "name": "[concat(parameters('appName'), '/', parameters('stagingSlotName'), '/appsettings')]",
            "type": "Microsoft.Web/sites/slots/config",
            "dependsOn": [
            ],
            "properties": "[variables('allProperties')]"
        }
    ],
    "outputs": {
        "allProperties": {
            "type": "object",
            "value": "[variables('allProperties')]"
        }
    }
}