{
    "$schema": "https://schema.management.azure.com/schemas/2019-08-01/deploymentTemplate.json#",
    "contentVersion": "1.0.0.0",
    "parameters": {
        "defaultTags": {
            "type": "object",
            "defaultValue": {
            },
            "metadata": {
                "description": "Tags for resources that are created per branch"
            }
        },
        "defaultQueueProperties": {
            "type": "object",
            "metadata": {
                "description": "Properties of subscriptions resource. ",
                "type": "SBSubscriptionProperties",
                "seealso": [ "https://docs.microsoft.com/en-us/azure/templates/microsoft.servicebus/namespaces/topics/subscriptions#SBSubscriptionProperties" ]
            },
            "defaultValue": {
                "lockDuration": "PT1M",
                "requiresSession": false,
                "defaultMessageTimeToLive": "PT1M",
                "deadLetteringOnMessageExpiration": true,
                "deadLetteringOnFilterEvaluationExceptions": true,
                "maxDeliveryCount": 1,
                "status": "Active",
                "enableBatchedOperations": false,
                "autoDeleteOnIdle": "P14D"
            }
        },
        "queueName": {
            "type": "string",
            "metadata": {
                "description": "Name of the subscription. "
            }
        },
        "serviceBusName": {
            "type": "string",
            "metadata": {
                "description": "Name of the service bus namespace."
            }
        },
        "rights": {
            "type": "array",
            "metadata": {
                "description": "Access control rights"
            },
            "defaultValue": [ "Listen" ]
        },
        "accessControlNameOverride": {
            "type": "string",
            "metadata": {
                "description": "Override the name for the access control when it doesn't need to match the subscription name. This is useful when the same topic is used for multiple subscriptions in the same consumer (i.e. 1 app consuming multiple event types on the same topic)"
            },
            "defaultValue": ""
        }
    },
    "variables": {
        "queueName": "[format('{0}/{1}', parameters('serviceBusName'), take(parameters('queueName'), 50))]",
        "authorizationRuleName": "[if(empty(parameters('accessControlNameOverride')), parameters('queueName'), parameters('accessControlNameOverride'))]"
    },
    "resources": [
        {
            "type": "Microsoft.ServiceBus/namespaces/queues",
            "apiVersion": "2017-04-01",
            "name": "[variables('queueName')]",
            "location": "[resourceGroup().location]",
            "tags": "[parameters('defaultTags')]",
            "properties": "[parameters('defaultQueueProperties')]"
        },
        {
            "type": "Microsoft.ServiceBus/namespaces/queues/authorizationRules",
            "apiVersion": "2017-04-01",
            "name": "[format('{0}/{1}/{2}', parameters('serviceBusName'), parameters('queueName'), variables('authorizationRuleName'))]",
            "location": "[resourceGroup().location]",
            "tags": "[parameters('defaultTags')]",
            "properties": {
                "rights": "[parameters('rights')]"
            }
        }
    ],
    "functions": [
        {
            "namespace": "this",
            "members": {
                "stripEntityPathFromServiceBusConnectionString": {
                    "parameters": [
                        {
                            "name": "connectionString",
                            "type": "string"
                        }
                    ],
                    "output": {
                        "type": "string",
                        "value": "[if(greater(indexOf(parameters('connectionString'), 'EntityPath'), 0), take(parameters('connectionString'), indexOf(parameters('connectionString'), 'EntityPath')), parameters('connectionString'))]"
                    }
                }
            }
        }
    ],
    "outputs": {
        "subscriptionName": {
            "type": "string",
            "value": "[parameters('queueName')]"
        },
        "connectionString": {
            "type": "string",
            "value": "[this.stripEntityPathFromServiceBusConnectionString(listKeys(resourceId('Microsoft.ServiceBus/namespaces/queues/authorizationRules', parameters('serviceBusName'), parameters('queueName'), variables('authorizationRuleName')), '2017-04-01').primaryConnectionString)]"
        }
    }
}