{
    "$schema": "https://schema.management.azure.com/schemas/2019-08-01/deploymentTemplate.json#",
    "contentVersion": "1.0.0.0",
    "parameters": {
        "environmentName": {
            "type": "string",
            "metadata": {
                "description": "The environment (e.g. Dev, SIT, UAT, Prod)"
            },
            "defaultValue": "Dev",
            "minLength": 1
        },
        "name": {
            "type": "string",
            "metadata": {
                "description": "The application name"
            },
            "minLength": 5,
            "defaultValue": "[resourceGroup().name]"
        },
        "shortName": {
            "type": "string",
            "metadata": {
                "description": "The application name abbreviation"
            }
        },
        "sharedResourceTags": {
            "type": "object",
            "defaultValue": {
            },
            "metadata": {
                "description": "Tags for resources that are shared across an environment"
            }
        },
        "recipients": {
            "type": "array",
            "metadata": {
                "description": "The name and email address combinations",
                 "example": [
                                {
                                    "name": "John Doe",
                                    "emailAddress": "john.doe@boq.com.au"
                                }
                        ]
            },
            "defaultValue": []
        },
        "webhooks": {
            "type": "array",
            "metadata": {
                "description": "The name and uri of the webhooks",
                "example":{
                    "name": "Support",
                    "serviceUri": "http://someUri"
                }
            },
            "defaultValue": []
        }
    },
    "variables": {
        "useEnvName": "[not(equals(parameters('environmentName'), 'Prod'))]",
        "envSuffix": "[if(variables('useEnvName'), concat('-', parameters('environmentName')), '')]",
        "prefix": "",
        "actionGroupName": "[take(toLower(concat(variables('prefix'), parameters('name'), variables('envSuffix'))), 40)]",
        "actionGroupShortName": "[take(concat(parameters('shortName'), if(variables('useEnvName'), take(parameters('environmentName'), 3), ''), '-ops'), 12)]",
        "copy": [
            {
                "name": "emailReceivers",
                "count": "[if(empty(parameters('recipients')), 1, length(parameters('recipients')))]",
                "input": {
                    "name": "[if(empty(parameters('recipients')), 'dummy', parameters('recipients')[copyIndex('emailReceivers')].name)]",
                    "emailAddress": "[if(empty(parameters('recipients')), 'dummy', parameters('recipients')[copyIndex('emailReceivers')].emailAddress)]",
                    "useCommonAlertSchema": true
                }
            },
            {
                "name": "webhookReceivers",
                "count": "[if(empty(parameters('webHooks')), 1, length(parameters('webHooks')))]",
                "input": {
                    "name": "[if(empty(parameters('webHooks')), 'dummy', parameters('webHooks')[copyIndex('webhookReceivers')].name)]",
                    "serviceUri": "[if(empty(parameters('webHooks')), 'dummy', parameters('webHooks')[copyIndex('webhookReceivers')].serviceUri)]",
                    "useCommonAlertSchema": true
                }
            }
        ],
        "baseProps": {
                "groupShortName": "[variables('actionGroupShortName')]",
                "enabled": true,
                "smsReceivers": [],
                "itsmReceivers": [],
                "azureAppPushReceivers": [],
                "automationRunbookReceivers": [],
                "voiceReceivers": [],
                "logicAppReceivers": [],
                "azureFunctionReceivers": []
        },
        "webHookProps": "[if(empty(parameters('webHooks')), json('{}'), createObject('webhookReceivers', variables('webhookReceivers')))]",
        "emailProps": "[if(empty(parameters('recipients')), json('{}'), createObject('emailReceivers', variables('emailReceivers')))]",
        "props": "[union(variables('baseProps'), variables('webHookProps'), variables('emailProps'))]"
    },
    "resources": [
        {
            "type": "microsoft.insights/actionGroups",
            "apiVersion": "2019-03-01",
            "name": "[variables('actionGroupName')]",
            "location": "Global",
            "tags": "[parameters('sharedResourceTags')]",
            "properties": "[variables('props')]"
        }
    ],
    "outputs": {
        "actionGroupName": {
            "type": "string",
            "value": "[variables('actionGroupName')]"
        }
    }
}
