{
    "$schema": "https://schema.management.azure.com/schemas/2019-08-01/deploymentTemplate.json#",
    "contentVersion": "1.0.0.0",
    "parameters": {
        "tableName": {
            "type": "string",
            "metadata": {
                "description": "The function app name"
            }
        },
        "storageAccountName": {
            "type": "string",
            "metadata": {
                "description": "The storage account name"
            }
        }
    },
    "variables": {
    },
    "resources": [
        {
            //Docs https://docs.microsoft.com/en-us/azure/templates/microsoft.storage/storageaccounts/blobservices/containers?tabs=json
            "apiVersion": "2019-06-01",
            "type": "Microsoft.Storage/storageAccounts/tableServices/tables",
            "name": "[concat(parameters('storageAccountName'),'/default/', parameters('tableName'))]"
        }
    ],
    "outputs": {
    }
}