{
    "$schema": "https://schema.management.azure.com/schemas/2019-08-01/deploymentTemplate.json#",
    "contentVersion": "1.0.0.0",
    "parameters": {
        "privateDnsZone": {
            "type": "String",
            "metadata": {
                "description": "The Private DNS Zone name",
                "example": "privatelink.blob.core.windows.net"
            }
        },
        "virtualNetworkIds": {
            "type": "Array",
            "metadata": {
                "description": "An array of resource ids that will be used to create Virtual Network Links for the Private DNS Zone.",
                "example": "[[\"/subscriptions/77e16139-608c-47ca-93c9-3cb5c1ea736a/resourceGroups/dev-edc-network-rg01/providers/Microsoft.Network/virtualNetworks/dev-edc-denovo-vnet01\"]]",
                "see": "https://docs.microsoft.com/en-us/azure/templates/microsoft.network/2020-06-01/privatednszones/virtualnetworklinks?tabs=json"

            },
            "defaultValue": []
        }
    },
    "variables": {
        "enableVnetLinks": "[not(empty(parameters('virtualNetworkIds')))]",
        "virtualNetworkIds": "[if(variables('enableVnetLinks'), parameters('virtualNetworkIds'), createArray('/dummy'))]",
        "copy": [
            {
                "name": "vnetsToCreate",
                "count": "[length(variables('virtualNetworkIds'))]",
                "input": {
                    "name": "[last(split(variables('virtualNetworkIds')[copyIndex('vnetsToCreate')], '/'))]",
                    "resourceId": "[variables('virtualNetworkIds')[copyIndex('vnetsToCreate')]]"
                }
            }
        ]
    },
    "resources": [
        {
            "type": "Microsoft.Network/privateDnsZones/virtualNetworkLinks",
            "apiVersion": "2020-06-01",
            "name": "[concat(parameters('privateDnsZone'), '/', variables('vnetsToCreate')[copyIndex('vnets')].name)]",
            "location": "global",
            "condition": "[variables('enableVnetLinks')]",
            "dependsOn": [],
            "properties": {
                "registrationEnabled": false,
                "virtualNetwork": {
                    "id": "[variables('vnetsToCreate')[copyIndex('vnets')].resourceId]"
                }
            },
            "copy": {
                "name": "vnets",
                "count": "[length(variables('vnetsToCreate'))]"
            }
        }
    ]
}