{
    "$schema": "https://schema.management.azure.com/schemas/2019-04-01/deploymentTemplate.json#",
    "contentVersion": "1.0.0.0",
    "parameters": {
      "name": {
        "type": "string",
        "minLength": 2,
        "metadata": {
          "description": "The workspace name"
        }
      },
      "sharedResourceTags": {
        "type": "object",
        "defaultValue": {
        },
        "metadata": {
          "description": "Tags for resources that are shared across an environment"
        }
      },
      "environmentName": {
        "type": "string",
        "metadata": {
          "description": "The environment (e.g. Dev, SIT, UAT, Prod)"
        },
        "defaultValue": "Dev",
        "minLength": 1
      },
      "location": {
        "type": "string",
        "defaultValue": "[resourceGroup().location]"
      },
      "skuName": {
        "type": "string",
        "defaultValue": "PerGB2018",
        "allowedValues": [ "Free", "Standard", "Premium", "PerNode", "PerGB2018", "Standalone", "CapacityReservation" ],
        "metadata": {
          "description": "The name of the SKU"
        }
      },
      "region": {
        "type": "Object",
        "metadata": {
          "description": "The output from a GetRegion deployment. { prefix: string, isPrimary:bool }"
        },
        "defaultValue": {
          "prefix": "",
          "isPrimary": true
        }
      }
    },
    "variables": {
      "namePrefix": "[if(startsWith(parameters('name'), 'log-'),'','log-')]",
      "useEnvName": "[not(equals(parameters('environmentName'), 'Prod'))]",
      "envSuffix": "[if(variables('useEnvName'), concat('-', toLower(parameters('environmentName'))),'')]",
      "workspaceName": "[concat(variables('namePrefix'), parameters('name'), parameters('region').prefix, variables('envSuffix'))]"
    },
    "functions": [
      {
        "namespace": "local",
        "members": {
          "buildTags": {
            "parameters": [
              {
                "name": "resourceName",
                "type": "string"
              },
              {
                "name": "tags",
                "type": "object"
              }
            ],
            "output": {
              "type": "object",
              "value": "[union(parameters('tags'), json(concat('{displayName:\"',parameters('resourceName'),'\"}')))]"
            }
          }
        }
      }
    ],
    "resources": [
      {
        "type": "Microsoft.OperationalInsights/workspaces",
        "apiVersion": "2020-03-01-preview",
        "name": "[variables('workspaceName')]",
        "location": "[parameters('location')]",
        "tags": "[local.buildTags('Log Analytics Workspace', parameters('sharedResourceTags'))]",
        "properties": {
          "sku": {
            "name": "[parameters('skuName')]"
          },
          "retentionInDays": 30,
          "publicNetworkAccessForIngestion": "Enabled",
          "publicNetworkAccessForQuery": "Enabled"
        }
      }
    ],
    "outputs": {
      "workspaceName": {
        "type": "string",
        "value": "[variables('workspaceName')]"
      },
      "workspaceId": {
        "type": "string",
        "value": "[resourceId('Microsoft.OperationalInsights/workspaces', variables('workspaceName'))]"
      }
    }
  }