{
    "$schema": "https://schema.management.azure.com/schemas/2019-08-01/deploymentTemplate.json#",
    "contentVersion": "1.0.0.0",
    "parameters": {
      "sharedResourceTags": {
        "type": "object",
        "defaultValue": {
        },
        "metadata": {
          "description": "Tags for resources that are shared across an environment"
        }
      },
      "environmentName": {
        "type": "string",
        "metadata": {
          "description": "The environment (e.g. Dev, SIT, UAT, Prod)"
        },
        "defaultValue": "Dev",
        "minLength": 1
      },
      "location": {
        "type":"string",
        "defaultValue": "[resourceGroup().location]"
      },
      "skuName": {
        "type": "string",
        "defaultValue": "PerGB2018",
        "allowedValues":[ "Free", "Standard", "Premium", "PerNode", "PerGB2018", "Standalone", "CapacityReservation" ],
        "metadata":{
          "description": "The name of the SKU"
        }
      },
      "projectName": {
            "type": "string",
            "metadata": {
                "description": "The name of the project to be included in the resource names"
            }
      },
      "region": {
        "type": "Object",
        "metadata":{
          "description": "The output from a GetRegion deployment. { prefix: string, isPrimary:bool }"
        },
        "defaultValue": {
          "prefix": "",
          "isPrimary": true
        }
      },
      "index": {
            "type": "string",
            "metadata": {
                "description": "the index value to be added at the end of the name of the resource. This is to support multiple resources of the same type"
            },
            "defaultValue": "01"
      }
    },
    "variables": {
      "workspaceName": "[tolower(concat(parameters('environmentName'), parameters('region').prefix, '-', parameters('projectName'), '-log', parameters('index')))]"
    },
    "functions": [
      {
        "namespace": "local",
        "members": {
          "buildTags": {
            "parameters": [
              {
                "name": "resourceName",
                "type": "string"
              },
              {
                "name": "tags",
                "type": "object"
              }
            ],
            "output": {
              "type": "object",
              "value": "[union(parameters('tags'), json(concat('{displayName:\"',parameters('resourceName'),'\"}')))]"
            }
          }
        }
      }
    ],
    "resources": [
      {
          "type": "Microsoft.OperationalInsights/workspaces",
          "apiVersion": "2020-03-01-preview",
          "name": "[variables('workspaceName')]",
          "location": "[parameters('location')]",
          "tags": "[local.buildTags('Log Analytics Workspace', parameters('sharedResourceTags'))]",
          "properties": {
              "sku": {
                  "name": "[parameters('skuName')]"
              },
              "retentionInDays": 30,
              "publicNetworkAccessForIngestion": "Enabled",
              "publicNetworkAccessForQuery": "Enabled"
          }
      }
    ],
    "outputs": {
      "workspaceName": {
        "type": "string",
        "value": "[variables('workspaceName')]"
      },
      "workspaceId": {
        "type": "string",
        "value": "[resourceId('Microsoft.OperationalInsights/workspaces', variables('workspaceName'))]"
      }
    }
  }