{
    "$schema": "https://schema.management.azure.com/schemas/2019-08-01/deploymentTemplate.json#",
    "contentVersion": "1.0.0.0",
    "parameters": {
        "location": {
            "type": "string",
            "defaultValue": "[resourceGroup().location]"
        },
        "privateEndpointName": {
            "type": "string",
            "metadata": {
                "description": "The name of the private endpoint"
            }
        },
        "privateLinkResource": {
            "type": "string",
            "metadata": {
                "description": "The resource id of the target resource",
                "example": "/subscriptions/43a448ab-c2b2-4fc8-9c27-ed4e9fd05a79/resourceGroups/np-edc-boqshared-dev-apim-rg01/providers/Microsoft.Storage/storageAccounts/stproductsd7kgcizg2dnkog"
            }
        },
        "privateDnsZoneResourceGroupName": {
            "type": "string",
            "metadata": {
                "description": "The name of the resource group for private dns zones such as privatelink.blob.core.windows.net to sit within"
            }
        },
        "privateDnsZoneResourceGroupSubscription": {
            "type": "string",
            "metadata": {
                "description": "The subscription id for the private dns zones."
            },
            "defaultValue": "[subscription().subscriptionId]"
        },
        "subnet": {
            "type": "string",
            "metadata": {
                "description": "The subnet id.",
                "example": "/subscriptions/43a448ab-c2b2-4fc8-9c27-ed4e9fd05a79/resourceGroups/np-edc-network-rg01/providers/Microsoft.Network/virtualNetworks/np-edc-criticalcore-vnet01"
            }
        },
        "resourceType": {
            "type": "string",
            "allowedValues": [
                "appConfig",
                "blob",
                "dataLake",
                "file",
                "keyVault",
                "queue",
                "redisCache",
                "redisEnterprise",
                "serviceBus",
                "sites",
                "sql",
                "table",
                "web"
            ],
            "metadata": {
                "description": "The type of resource for which to create an endpoint, this is used to determine the dns name and sub-resource types."
            }
        },
        "tags": {
            "type": "object",
            "defaultValue": {}
        }
    },
    "variables": {
        "privateEndpointName": "[
            if(
                endsWith(parameters('privateEndpointName'), '-pe'), 
                parameters('privateEndpointName'), 
                concat(parameters('privateEndpointName'), '-pe')  
            )]",
        "tags": "[this.buildTags(parameters('privateLinkResource'), parameters('tags'))]",
        "resourceTypeMappings": {
            // key: must match resourceType parameter allowed values
            // resources: Refer to https://docs.microsoft.com/en-us/azure/private-link/private-endpoint-overview#private-link-resource
            // dns: Refer to https://docs.microsoft.com/en-us/azure/private-link/private-endpoint-dns
            "blob": {
                "resources": [ "blob" ],
                "dns": [ "privatelink.blob.core.windows.net" ]
            },
            "file": {
                "resources": [ "file" ],
                "dns": [ "privatelink.file.core.windows.net" ]
            },
            "queue": {
                "resources": [ "queue" ],
                "dns": [ "privatelink.queue.core.windows.net" ]
            },
            "table": {
                "resources": [ "table" ],
                "dns": [ "privatelink.table.core.windows.net" ]
            },
            "web": {
                "resources": [ "web" ],
                "dns": [ "privatelink.web.core.windows.net" ]
            },
            "dataLake": {
                "resources": [ "dfs" ],
                "dns": [ "privatelink.dfs.core.windows.net" ]
            },
            "keyVault": {
                "resources": [ "vault" ],
                "dns": [ "privatelink.vaultcore.azure.net" ]
            },
            "redisCache":{
                "resources": [ "redisCache" ],
                "dns": [ "privatelink.redis.cache.windows.net" ]
            },
            "redisEnterprise":{
                "resources": [ "redisEnterprise" ],
                "dns": [ "privatelink.redisenterprise.cache.azure.net" ]
            },
            "serviceBus": {
                "resources": [ "namespace" ],
                "dns": [ "privatelink.servicebus.windows.net" ]
            },
            "sites": {
                "resources": [ "sites" ],
                "dns": [ "privatelink.azurewebsites.net" ]
            },
            "appConfig": {
                "resources": [ "configurationStores" ],
                "dns": [ "privatelink.azconfig.io" ]
            },
            "sql": {
                "resources": [ "sql" ],
                "dns": [ "privatelink.documents.azure.com" ]
            }
        },
        "subResources": "[variables('resourceTypeMappings')[parameters('resourceType')].resources]",
        "privateLinks": "[variables('resourceTypeMappings')[parameters('resourceType')].dns]",
        "copy": [
            {
                "name": "privateLinkServiceConnections",
                "count": "[length(variables('privateLinks'))]",
                "input": {
                    "name": "[replace(variables('privateLinks')[copyIndex('privateLinkServiceConnections')], '.', '-')]",
                    "properties": {
                        "privateDnsZoneId": "[resourceId(parameters('privateDnsZoneResourceGroupSubscription'), parameters('privateDnsZoneResourceGroupName'), 'Microsoft.Network/privateDnsZones/', variables('privateLinks')[copyIndex('privateLinkServiceConnections')])]"
                    }
                }
            }
        ]
    },
    "functions": [
        {
            "namespace": "this",
            "members": {
                "buildTags": {
                    "parameters": [
                        {
                            "name": "resourceName",
                            "type": "string"
                        },
                        {
                            "name": "tags",
                            "type": "object"
                        }
                    ],
                    "output": {
                        "type": "object",
                        "value": "[union(parameters('tags'), json(concat('{target:\"',parameters('resourceName'),'\"}')))]"
                    }
                }
            }
        }
    ],
    "resources": [
        {
            "name": "[variables('privateEndpointName')]",
            "type": "Microsoft.Network/privateEndpoints",
            "apiVersion": "2021-03-01",
            "location": "[parameters('location')]",
            "tags": "[variables('tags')]",
            "properties": {
                "subnet": {
                    "id": "[parameters('subnet')]"
                },
                "privateLinkServiceConnections": [
                    {
                        "name": "[variables('privateEndpointName')]",
                        "properties": {
                            "privateLinkServiceId": "[parameters('privateLinkResource')]",
                            //"groupIds": "[parameters('targetSubResources')]"
                            "groupIds": "[variables('subResources')]"
                        }
                    }
                ]
                //,"customNetworkInterfaceName": "[concat(last(split(parameters('privateLinkResource'), '/')), '.nic')]"
            },
            "resources": [
                {
                    "name": "default",
                    "type": "privateDnsZoneGroups",
                    "apiVersion": "2021-03-01",
                    "location": "[parameters('location')]",
                    "dependsOn":[
                        "[resourceId('Microsoft.Network/privateEndpoints', variables('privateEndpointName'))]"
                    ],
                    "properties": {
                        "privateDnsZoneConfigs": "[variables('privateLinkServiceConnections')]"
                    }
                }
            ]
        }
    ],
    "outputs": {
        "privateEndpointName": {
            "type": "string",
            "value": "[variables('privateEndpointName')]"
        },
        "subResources": {
            "type": "array",
            "value": "[variables('subResources')]"
        },
        "privateLinkServiceConnections": {
            "type": "array",
            "value": "[variables('privateLinkServiceConnections')]"
        },
        "tags": {
            "type": "object",
            "value": "[variables('tags')]"
        }
    }
}