{
  "$schema": "https://schema.management.azure.com/schemas/2019-04-01/deploymentTemplate.json#",
  "contentVersion": "1.0.0.0",
  "parameters": {
    "environmentName": {
      "type": "string",
      "metadata": {
        "description": "The environment (e.g. Dev, SIT, UAT, Prod)"
      },
      "defaultValue": "Dev",
      "minLength": 1
    },
    "appName": {
      "type": "string",
      "metadata": {
        "description": "The application name"
      },
      "minLength": 3,
      "defaultValue": "[resourceGroup().name]"
    },
    "majorVersion": {
      "type": "string",
      "metadata": {
        "description": "The major version of the application"
      }
    },
    "sharedResourceTags": {
      "type": "object",
      "defaultValue": {
      },
      "metadata": {
        "description": "Tags for resources that are shared across an environment"
      }
    },
    "retainKeyVaultAccessPolicies": {
      "type": "bool",
      "metadata": {
        "description": "Whether to use existing access policies"
      }
    },
    "selectedNetworksOnly": {
      "type": "bool",
      "defaultValue": false,
      "metadata": {
        "description": "Whether to limit to only selected networks in firewall"
      }
    },
    "virtualNetworkRules": {
      "type": "array",
      "defaultValue": [],
      "metadata": {
        "description": "See https://docs.microsoft.com/en-us/azure/templates/microsoft.keyvault/2018-02-14/vaults#VirtualNetworkRule"
      }
    },
    "ipRules": {
      "type": "array",
      "defaultValue": [],
      "metadata": {
        "description": "See https://docs.microsoft.com/en-us/azure/templates/microsoft.keyvault/2018-02-14/vaults#IPRule"
      }
    },
    "diagnosticsWorkspaceResourceId": {
      "type": "string",
      "metadata": {
        "description": "Resource Id for Log Analytics Workspace"
      },
      "defaultValue": ""
    },
    "diagnosticsStorageResourceId": {
      "type": "string",
      "metadata": {
        "description": "Resource Id for Log Analytics Workspace"
      },
      "defaultValue": ""
    },
    "sku": {
      "type": "object",
      "metadata": {
        "description": "KeyVault sku object",
        "seealso": "https://docs.microsoft.com/en-us/azure/templates/microsoft.keyvault/vaults?tabs=json#sku-object"
      },
      "defaultValue": {
        "name": "standard",
        "family": "A"
      }
    },
    "enableRbacAuthorization": {
      "type": "bool",
      "metadata": {
        "description": "Enable Role-Based Access Control on the Key Vault."
      },
      "defaultValue": false
    },
    "region": {
      "type": "Object",
      "metadata": {
        "description": "The output from a GetRegion deployment. { prefix: string, isPrimary:bool }"
      },
      "defaultValue": {
        "prefix": "",
        "isPrimary": true
      }
    }
  },
  "variables": {
    "useEnvName": "[not(equals(parameters('environmentName'), 'Prod'))]",
    "envSuffix": "[if(variables('useEnvName'),concat('-',parameters('environmentName')),'')]",
    "regionSuffix": "[if(parameters('region').isPrimary, '', parameters('region').prefix)]",
    "keyVaultName": "[take(toLower(concat('kv-',take(parameters('appName'), 16), variables('envSuffix'),variables('regionSuffix'))), 24)]"
  },
  "functions": [
    {
      "namespace": "local",
      "members": {
        "buildTags": {
          "parameters": [
            {
              "name": "resourceName",
              "type": "string"
            },
            {
              "name": "tags",
              "type": "object"
            }
          ],
          "output": {
            "type": "object",
            "value": "[union(parameters('tags'), json(concat('{displayName:\"',parameters('resourceName'),'\"}')))]"
          }
        }
      }
    }
  ],
  "resources": [
    {
      "type": "Microsoft.KeyVault/vaults",
      "apiVersion": "2019-09-01",
      "name": "[variables('keyVaultName')]",
      "location": "[resourceGroup().location]",
      "tags": "[local.buildTags('Key Vault', parameters('sharedResourceTags'))]",
      "properties": {
        "enabledForDeployment": true,
        "enabledForTemplateDeployment": true,
        "enabledForDiskEncryption": true,
        "tenantId": "[subscription().tenantId]",
        "createMode": "[if(parameters('retainKeyVaultAccessPolicies'),'recover', 'create')]",
        "sku": "[parameters('sku')]",
        "enableRbacAuthorization": "[parameters('enableRbacAuthorization')]",
        "accessPolicies": [],
        "networkAcls": {
          "bypass": "AzureServices",
          "defaultAction": "[if(parameters('selectedNetworksOnly'), 'Deny', 'Allow')]",
          "ipRules": "[parameters('ipRules')]",
          "virtualNetworkRules": "[parameters('virtualNetworkRules')]"
        }
      },
      "resources": [
        {
          "type": "providers/diagnosticSettings",
          "name": "microsoft.insights/diagnostics",
          "dependsOn": [
            "[resourceId('Microsoft.KeyVault/vaults', variables('keyVaultName'))]"
          ],
          "condition": "[not(or(empty(parameters('diagnosticsStorageResourceId')), empty(parameters('diagnosticsWorkspaceResourceId'))))]",
          "apiVersion": "2017-05-01-preview",
          "properties": {
            "name": "diagnostics",
            "storageAccountId": "[parameters('diagnosticsStorageResourceId')]",
            "workspaceId": "[parameters('diagnosticsWorkspaceResourceId')]",
            "logs": [
              {
                "category": "AuditEvent",
                "enabled": true
              }
            ],
            "metrics": [
              {
                "category": "AllMetrics",
                "enabled": true
              }
            ]
          }
        }
      ]
    }
  ],
  "outputs": {
    "keyVaultName": {
      "type": "string",
      "value": "[variables('keyVaultName')]"
    },
    "keyVaultId": {
      "type": "string",
      "value": "[resourceId('Microsoft.KeyVault/vaults', variables('keyVaultName'))]"
    }
  }
}