{
    "$schema": "https://schema.management.azure.com/schemas/2019-04-01/deploymentTemplate.json#",
    "contentVersion": "1.0.0.0",
    "parameters": {
        "sharedResourceTags": {
            "type": "object",
            "defaultValue": {
            },
            "metadata": {
                "description": "Tags for resources that are shared across an environment"
            }
        },
        "solutionName": {
            "type": "string",
            "defaultValue": "solutionName"
        },
        "environmentName": {
            "type": "string",
            "metadata": {
                "description": "The environment (e.g. Dev, SIT, UAT, Prod)"
            },
            "defaultValue": "Dev",
            "minLength": 1
        },
        "appServicePlanSettings": {
            "type": "object",
            "defaultValue": {
                "sku": {
                    "name": "EP1",
                    "tier": "ElasticPremium",
                    "size": "EP1",
                    "family": "EP",
                    "capacity": 1
                },
                "maximumElasticWorkerCount": 20
            }
        },
        "region": {
            "type": "Object",
            "metadata": {
                "description": "The output from a GetRegion deployment. { prefix: string, isPrimary:bool }"
            },
            "defaultValue": {
                "prefix": "",
                "isPrimary": true
            }
        }
    },
    "variables": {
        "useEnvName": "[not(equals(parameters('environmentName'), 'Prod'))]",
        "envSuffix": "[if(variables('useEnvName'),concat('-',parameters('environmentName')),'')]",
        "servicePlanName": "[take(toLower(concat('plan-', parameters('solutionName'), parameters('region').prefix, variables('envSuffix'))), 40)]"
    },
    "resources": [
        // App Service Plan 
        {
            "type": "Microsoft.Web/serverfarms",
            "apiVersion": "2019-08-01",
            "name": "[variables('servicePlanName')]",
            "location": "[resourceGroup().location]",
            "sku": "[parameters('appServicePlanSettings').sku]",
            "tags": "[parameters('sharedResourceTags')]",
            "properties": {
                "mode": "Incremental",
                "perSiteScaling": false,
                "maximumElasticWorkerCount": "[parameters('appServicePlanSettings').maximumElasticWorkerCount]"
            }
        }
    ],
    "outputs": {
        "servicePlanName": {
            "type": "string",
            "value": "[variables('servicePlanName')]"
        }
    }
}