{
    "$schema": "https://schema.management.azure.com/schemas/2019-08-01/deploymentTemplate.json#",
    "contentVersion": "1.0.0.0",
    "parameters": {
        "webAppName": {
            "type": "string",
            "metadata": {
                "description": "Name of the web app"
            },
            "defaultValue": ""
        },
        "defaultTags": {
            "type": "object",
            "defaultValue": {
            },
            "metadata": {
                "description": "Tags for resources that are created per branch"
            }
        },
        "appName": {
            "type": "string",
            "defaultValue": "application name"
        },
        "environmentName": {
            "type": "string",
            "metadata": {
                "description": "The environment (e.g. Dev, SIT, UAT, Prod)"
            },
            "defaultValue": "Dev",
            "minLength": 1
        },
        "branchPath": {
            "type": "string",
            "metadata": {
                "description": "The branch path"
            },
            "defaultValue": ""
        },
        "vnetName": {
            "type": "string",
            "defaultValue": "",
            "metadata": {
                "description": "Virtual Network name of Apim instance."
            }
        },
        "vnetResourceGroupName": {
            "type": "string",
            "defaultValue": "",
            "metadata": {
                "description": "The Resource Group containing the Virtual Network"
            }
        },
        "majorVersion": {
            "type": "string",
            "metadata": {
                "description": "The major version of the application"
            }
        },
        "appSubnetName": {
            "type": "string",
            "defaultValue": "",
            "metadata": {
                "description": "Subnet Name within the Virtual Network."
            }
        },
        "hubVnetName": {
            "type": "string",
            "defaultValue": "",
            "metadata": {
                "description": "Hub virtual network name."
            }
        },
        "hubSubnetName": {
            "type": "string",
            "defaultValue": "",
            "metadata": {
                "description": "Subnet Name within the Hub Virtual Network."
            }
        },
        "enableDiagnostics": {
            "type": "bool",
            "defaultValue": false
        },
        "diagnosticsWorkspaceResourceId": {
            "type": "string",
            "metadata": {
                "description": "Resource Id for Log Storage account"
            },
            "defaultValue": ""
        },
        "diagnosticsStorageResourceId": {
            "type": "string",
            "metadata": {
                "description": "Resource Id for Log Analytics Workspace"
            },
            "defaultValue": ""
        },
        "enableVnetIntegration": {
            "type": "bool",
            "defaultValue": false
        },
        "apiManagementId": {
            "type": "string",
            "defaultValue": ""
        },
        "servicePlanName": {
            "type": "string",
            "metadata": {
                "description": "The name of the app service plan to use. If not provided, one will be created."
            },
            "defaultValue": ""
        },
        "region": {
            "type": "Object",
            "metadata": {
                "description": "The output from a GetRegion deployment. { prefix: string, isPrimary:bool }"
            },
            "defaultValue": {
                "prefix": "",
                "isPrimary": true
            }
        },
        "servicePlanResourceGroup": {
            "type": "string",
            "metadata": {
                "description": "name of the resource group which contains the app service plan"
            }
        },
        "ipSecurityRestrictions": {
            "type": "array",
            "metadata": {
                "description": "Use this object to set ip firewall rules at the web app level"
            },
            "defaultValue": []
        }
    },
    "variables": {
        "branchName": "[toLower(last(split(parameters('branchPath'), '/')))]",
        "useEnvName": "[not(equals(parameters('environmentName'), 'Prod'))]",
        "envSuffix": "[if(variables('useEnvName'),concat('-',parameters('environmentName')),'')]",
        "useBranchName": "[not(equals(variables('branchName'),'master'))]",
        "branchSuffix": "[if(variables('useBranchName'),concat('-',variables('branchName')),'')]",
        "useVersionSuffix": "[not(equals(parameters('majorVersion'), ''))]",
        "versionSuffix": "[if(variables('useVersionSuffix'),concat('-v', parameters('majorVersion')), '')]",
        "servicePlanName": "[if(empty(parameters('servicePlanName')), take(toLower(concat('plan-', parameters('appName'), parameters('region').prefix, variables('envSuffix'))), 40), parameters('servicePlanName'))]",
        "unsanitisedWebAppName": "[take(toLower(concat('web-',parameters('appName'), parameters('region').prefix, variables('envSuffix'), variables('versionSuffix'), variables('branchSuffix'))), 60)]",
        "wAppName": "[if(endsWith(variables('unsanitisedWebAppName'), '-'), take(variables('unsanitisedWebAppName'),59), variables('unsanitisedWebAppName'))]",
        "appSubnetId": "[resourceId(parameters('vnetResourceGroupName'), 'Microsoft.Network/virtualNetworks/subnets', parameters('vnetName'), parameters('appSubnetName'))]", // "/subscriptions/43a448ab-c2b2-4fc8-9c27-ed4e9fd05a79/resourceGroups/np-edc-network-rg01/providers/Microsoft.Network/virtualNetworks/np-edc-shareddedicated-vnet01/subnets/np-edc-shareddedicated-boqgroup-dev-ase-sub01",
        "hubSubnetId": "[resourceId(parameters('vnetResourceGroupName'), 'Microsoft.Network/virtualNetworks/subnets', parameters('hubVnetName'), parameters('hubSubnetName'))]",
        "label": "[skip(toLower(concat(variables('versionSuffix'), variables('branchSuffix'))), 1)]",
        "webAppName": "[if(empty(parameters('webAppName')), variables('wAppName'), parameters('webAppName'))]"
    },
    "functions": [
        {
            "namespace": "local",
            "members": {
                "buildTags": {
                    "parameters": [
                        {
                            "name": "resourceName",
                            "type": "string"
                        },
                        {
                            "name": "tags",
                            "type": "object"
                        }
                    ],
                    "output": {
                        "type": "object",
                        "value": "[union(parameters('tags'), json(concat('{displayName:\"', parameters('resourceName'),'\"}')))]"
                    }
                }
            }
        }
    ],
    "resources": [
        // Web App
        {
            "type": "Microsoft.Web/sites",
            "apiVersion": "2020-09-01",
            "name": "[variables('webAppName')]",
            "tags": "[local.buildTags('Web App', parameters('defaultTags'))]",
            "location": "[resourceGroup().location]",
            "kind": "app",
            "identity": {
                "type": "SystemAssigned"
            },
            "dependsOn": [],
            "properties": {
                "serverFarmId": "[resourceId(parameters('servicePlanResourceGroup') ,'Microsoft.Web/serverfarms', variables('servicePlanName'))]",
                "httpsOnly": true,
                "clientAffinityEnabled": false,
            },
            "resources": [
                //Vnet Integration
                {
                    "type": "networkConfig",
                    "apiVersion": "2018-02-01",
                    "name": "virtualNetwork",
                    "location": "[resourceGroup().location]",
                    "dependsOn": [
                        "[resourceId('Microsoft.Web/sites', variables('webAppName'))]"
                    ],
                    "condition": "[parameters('enableVnetIntegration')]",
                    "properties": {
                        "subnetResourceid": "[variables('appSubnetId')]", //"[concat(parameters('virtualNetworks_FuncTestVnetIntegration_externalid'), '/subnets/TestFuncVnetIntegrationSubnet')]",
                        "swiftSupported": true
                    }
                },
                {
                    //Docs https://docs.microsoft.com/en-us/azure/templates/microsoft.web/2019-08-01/sites/config
                    "apiVersion": "2019-08-01",
                    "type": "config",
                    "name": "web",
                    "dependsOn": [
                        "[resourceId('Microsoft.Web/sites', variables('webAppName'))]"
                    ],
                    "condition": "[parameters('enableVnetIntegration')]",
                    "properties": {
                        "use32BitWorkerProcess": false,
                        "http20Enabled": true,
                        "clientAffinityEnabled": false,
                        "ftpsState": "FtpsOnly",
                        "apiManagementConfig": {
                            "id": "[parameters('apiManagementId')]"
                        },
                        "ipSecurityRestrictions": "[parameters('ipSecurityRestrictions')]"
                    }
                },
                {
                    "type": "providers/diagnosticSettings",
                    "name": "microsoft.insights/diagnostics",
                    "dependsOn": [
                        "[resourceId('Microsoft.Web/sites', variables('webAppName'))]"
                    ],
                    "condition": "[parameters('enableDiagnostics')]",
                    "apiVersion": "2017-05-01-preview",
                    "properties": {
                        "name": "diagnostics",
                        "storageAccountId": "[parameters('diagnosticsStorageResourceId')]",
                        "workspaceId": "[parameters('diagnosticsWorkspaceResourceId')]",
                        "logs": [
                            {
                                "category": "AppServiceAntivirusScanAuditLogs",
                                "enabled": true
                            },
                            {
                                "category": "AppServiceHTTPLogs",
                                "enabled": true
                            },
                            {
                                "category": "AppServiceConsoleLogs",
                                "enabled": true
                            },
                            {
                                "category": "AppServiceAppLogs",
                                "enabled": true
                            },
                            {
                                "category": "AppServiceFileAuditLogs",
                                "enabled": true
                            },
                            {
                                "category": "AppServiceAuditLogs",
                                "enabled": true
                            },
                            {
                                "category": "AppServiceIPSecAuditLogs",
                                "enabled": true
                            },
                            {
                                "category": "AppServicePlatformLogs",
                                "enabled": true
                            }
                        ],
                        "metrics": [
                            {
                                "category": "AllMetrics",
                                "enabled": true
                            }
                        ]
                    }
                }
            ]
        }
    ],
    "outputs": {
        "appName": {
            "type": "string",
            "value": "[variables('webAppName')]"
        },
        "identityResourceId": {
            "type": "string",
            "value": "[reference(resourceId('Microsoft.Web/sites', variables('webAppName')), '2016-08-01', 'Full').identity.principalId]"
        },
        "configurationLabel": {
            "type": "string",
            "value": "[variables('label')]"
        }
    }
}