{
    "$schema": "https://schema.management.azure.com/schemas/2019-08-01/deploymentTemplate.json#",
    "contentVersion": "1.0.0.0",
    "metadata":{
        "references":[
            "https://docs.microsoft.com/en-us/azure/role-based-access-control/role-assignments-template",
            "https://github.com/Azure/azure-webjobs-sdk/pull/2344"
        ]
    },
    "parameters": {
        "principalId": {
            "type": "string",
            "metadata": {
                "description": "The principal to assign the role to"
            }
        },
        "builtInRoleType": {
            "type": "string",
            "metadata": {
                "description": "Built-in role to assign"
            }
        },
        "resourceName": {
            "type": "string"
        }
    },
    "variables": {
        "Owner": "[concat('/subscriptions/', subscription().subscriptionId, '/providers/Microsoft.Authorization/roleDefinitions/', '8e3af657-a8ff-443c-a75c-2fe8c4bcb635')]",
        "Contributor": "[concat('/subscriptions/', subscription().subscriptionId, '/providers/Microsoft.Authorization/roleDefinitions/', 'b24988ac-6180-42a0-ab88-20f7382dd24c')]",
        "Reader": "[concat('/subscriptions/', subscription().subscriptionId, '/providers/Microsoft.Authorization/roleDefinitions/', 'acdd72a7-3385-48ef-bd42-f606fba81ae7')]"
    },
    "resources": [
        {
            "type": "Microsoft.Storage/storageAccounts/providers/roleAssignments",
            "apiVersion": "2018-09-01-preview",
            "name": "[concat(parameters('resourceName'), '/Microsoft.Authorization/', guid(parameters('principalId'), parameters('builtInRoleType')))]",
            "dependsOn": [],
            "properties": {
                "roleDefinitionId": "[variables(parameters('builtInRoleType'))]",
                "principalId": "[parameters('principalId')]"
            }
        }
    ],
    "outputs": {
    }
}