{
    "$schema": "https://schema.management.azure.com/schemas/2019-08-01/deploymentTemplate.json#",
    "contentVersion": "1.0.0.0",
    "parameters": {
        "name": {
            "type": "String",
            "metadata": {
                "description": "The Private DNS Zone name",
                "example": "privatelink.blob.core.windows.net"
            }
        },
        "virtualNetworkIds": {
            "type": "Array",
            "metadata": {
                "description": "An array of resource ids that will be used to create Virtual Network Links for the Private DNS Zone.",
                "example": "[[\"/subscriptions/77e16139-608c-47ca-93c9-3cb5c1ea736a/resourceGroups/dev-edc-network-rg01/providers/Microsoft.Network/virtualNetworks/dev-edc-denovo-vnet01\"]]",
                "see": "https://docs.microsoft.com/en-us/azure/templates/microsoft.network/2020-06-01/privatednszones/virtualnetworklinks?tabs=json"

            },
            "defaultValue": []
        },
        "tags": {
            "type": "object",
            "metadata": {
                "description": "Tags for the Private DNS Zone and children"
            },
            "defaultValue": {}
        }
    },
    "variables": {
        "tags": "[parameters('tags')]",
        "enableVnetLinks": "[not(empty(parameters('virtualNetworkIds')))]",
        "virtualNetworkIds": "[if(variables('enableVnetLinks'), parameters('virtualNetworkIds'), createArray('/dummy'))]",
        "copy": [
            {
                "name": "vnetsToCreate",
                "count": "[length(variables('virtualNetworkIds'))]",
                "input": {
                    "name": "[last(split(variables('virtualNetworkIds')[copyIndex('vnetsToCreate')], '/'))]",
                    "resourceId": "[variables('virtualNetworkIds')[copyIndex('vnetsToCreate')]]"
                }
            }
        ]
    },
    "resources": [
        {
            "type": "Microsoft.Network/privateDnsZones",
            "apiVersion": "2020-06-01",
            "name": "[parameters('name')]",
            "location": "global",
            "tags": "[variables('tags')]",
            "properties": {}
        },
        {
            "type": "Microsoft.Network/privateDnsZones/SOA",
            "apiVersion": "2020-06-01",
            "name": "[concat(parameters('name'), '/@')]",
            "dependsOn": [
                "[resourceId('Microsoft.Network/privateDnsZones', parameters('name'))]"
            ],
            "properties": {
                "ttl": 3600,
                "soaRecord": {
                    "email": "azureprivatedns-host.microsoft.com",
                    "expireTime": 2419200,
                    "host": "azureprivatedns.net",
                    "minimumTtl": 10,
                    "refreshTime": 3600,
                    "retryTime": 300,
                    "serialNumber": 1
                }
            }
        },
        {
            "type": "Microsoft.Network/privateDnsZones/virtualNetworkLinks",
            "apiVersion": "2020-06-01",
            "name": "[concat(parameters('name'), '/', variables('vnetsToCreate')[copyIndex('vnets')].name)]",
            "location": "global",
            "condition": "[variables('enableVnetLinks')]",
            "dependsOn": [
                "[resourceId('Microsoft.Network/privateDnsZones', parameters('name'))]"
            ],
            "properties": {
                "registrationEnabled": false,
                "virtualNetwork": {
                    "id": "[variables('vnetsToCreate')[copyIndex('vnets')].resourceId]"
                }
            },
            "copy": {
                "name": "vnets",
                "count": "[length(variables('vnetsToCreate'))]"
            }
        }
    ]
}