    {
    "$schema": "https://schema.management.azure.com/schemas/2019-04-01/deploymentTemplate.json#",
    "contentVersion": "1.0.0.0",
    "parameters": {
        "location": {
            "type": "string",
            "defaultValue": "[resourceGroup().location]",
            "allowedValues": [
                "australiaeast",
                "australiasoutheast"
            ]
        }
    },
    "functions": [],
    "variables": {
        "isPrimaryRegion": "[equals(parameters('location'), 'australiaeast')]",
        "edcPrefix": "edc",
        "sdcPrefix": "sdc",
        "regionCode": "[if(variables('isPrimaryRegion'), variables('edcPrefix'), variables('sdcPrefix'))]",
        "regionPrefix": "[if(empty(variables('regionCode')), '', concat('-', variables('regionCode')))]"
    },
    "resources": [],
    "outputs": {
        "region": {
            "type": "object",
            "value": {
                "prefix": "[variables('regionPrefix')]",
                "isPrimary": "[variables('isPrimaryRegion')]",
                "code": "[variables('regionCode')]"
            }
        }
    }
}
