{
    "$schema": "https://schema.management.azure.com/schemas/2019-08-01/deploymentTemplate.json#",
    "contentVersion": "1.0.0.0",
    "parameters": {
        "version": {
            "type": "string",
            "defaultValue": "0.0.0.0",
            "metadata": {
                "description": "Parse a semantic version string into its indvidual components"
            }
        }
    },
    "variables": {
        "versions": "[split(parameters('version'), '.')]",
        "major": "[if(greaterOrEquals(length(variables('versions')), 1), variables('versions')[0], '')]",
        "minor": "[if(greaterOrEquals(length(variables('versions')), 2), variables('versions')[1], '')]",
        "patch": "[if(greaterOrEquals(length(variables('versions')), 3), variables('versions')[2], '')]",
        "build": "[if(greaterOrEquals(length(variables('versions')), 4), variables('versions')[3], '')]"
    },
    
    "resources": [
    ],
    "outputs": {
        "major": {
            "type": "string",
            "value": "[variables('major')]"
        },
        "minor": {
            "type": "string",
            "value": "[variables('minor')]"
        },
        "patch": {
            "type": "string",
            "value": "[variables('patch')]"
        },
        "build": {
            "type": "string",
            "value": "[variables('build')]"
        }
    }
}