{
  "$schema": "https://schema.management.azure.com/schemas/2019-04-01/deploymentTemplate.json#",
  "contentVersion": "1.0.0.0",
  "parameters": {
    "cosmosDbAccount": {
      "type": "string",
      // "defaultValue": "ob-cosmos",
      "metadata": {
        "description": "The database account name"
      }
    },
    "cosmosDbName": {
      "type": "string",
      // "defaultValue": "open-banking",
      "metadata": {
        "description": "The database name"
      }
    },
    "defaultTags": {
      "type": "object",
      "defaultValue": {
      },
      "metadata": {
        "description": "Tags for resources that are created per branch"
      }
    },
    "sharedResourceTags": {
      "type": "object",
      "defaultValue": {
      },
      "metadata": {
        "description": "Tags for resources that are shared across an environment"
      }
    },
    "environmentName": {
      "type": "string",
      "metadata": {
        "description": "The environment (e.g. Dev, SIT, UAT, Prod)"
      },
      "defaultValue": "Dev",
      "minLength": 1
    },
    "branchPath": {
      "type": "string",
      "metadata": {
        "description": "The branch path"
      },
      "defaultValue": ""
    },
    "advancedThreatProtectionEnabled": {
      "type": "bool",
      "defaultValue": true,
      "metadata": {
        "description": "Enable or disable Advanced Threat Protection."
      }
    },
    "vnetResourceGroupName": {
      "type": "string",
      // "defaultValue": "np-edc-network-rg01",
      "metadata": {
        "description": "The Resource Group containing the Virtual Network"
      }
    },
    "keyVaultName": {
      "type": "string",
      "minLength": 3,
      "metadata": {
        "description": "The name of the keyvault to populate with the cosmos account connection string"
      }
    },
    "connectionStringSecretName": {
      "type": "string",
      "defaultValue": "CosmosDbConnectionString",
      "metadata": {
        "description": "The name of the secret for the cosmos account connection string"
      }
    },
    "accountKeySecretName": {
      "type": "string",
      "defaultValue": "CosmosDbAccountKey",
      "metadata": {
        "description": "The name of the secret for the cosmos account key"
      }
    },
    "majorVersion": {
      "type": "string",
      "metadata": {
        "description": "The major version of the application"
      }
    },
    "hubVnetName": {
      "type": "string",
      // "defaultValue": "np-edc-hub-vnet01",
      "metadata": {
        "description": "Hub virtual network name."
      }
    },
    "hubSubnetName": {
      "type": "string",
      // "defaultValue": "hub-fwpub-sub01",
      "metadata": {
        "description": "Subnet Name within the Hub Virtual Network."
      }
    },
    "diagnosticsWorkspaceResourceId": {
      "type": "string",
      "metadata": {
        "description": "Resource Id for Log Analytics Workspace"
      }
    },
    "diagnosticsStorageResourceId": {
      "type": "string",
      "metadata": {
        "description": "Resource Id for Log Analytics Workspace"
      }
    },
    "region": {
      "type": "Object",
      "metadata": {
        "description": "The output from a GetRegion deployment. { prefix: string, isPrimary:bool }"
      },
      "defaultValue": {
        "prefix": "",
        "isPrimary": true
      }
    },
    "deploymentMode": {
      "type": "string",
      "allowedValues": [
        "Incremental",
        "Complete"
      ],
      "metadata": {
        "description": "The deployment mode"
      },
      "defaultValue": "Incremental"
    },
    "networkResourceGroup": {
      "type": "string",
      "metadata": {
        "description": "The resource group for networking components for this domain."
      }
    },
    "virtualNetworkName": {
      "type": "string",
      "metadata": {
        "description": "The virtual network name to link with Private DNS Zones."
      }
    },
    "cosmosSubNetName": {
      "type": "string",
      "metadata": {
        "description": "The private end point subnet name for cosmos."
      }
    },
    "privateDnsZoneResourceGroup": {
      "type": "string",
      "metadata": {
        "description": "The resource group for Private DNS Zone entries."
      }
    },
    "privateDnsZoneResourceGroupSubscription": {
      "type": "string",
      "metadata": {
        "description": "The subscription resource group for Private DNS Zone entries."
      }
    },
    "resourceType": {
      "type": "string",
      "allowedValues": [
        "appConfig",
        "blob",
        "dataLake",
        "file",
        "keyVault",
        "queue",
        "redisCache",
        "redisEnterprise",
        "serviceBus",
        "sites",
        "sql",
        "table",
        "web"
      ],
      "metadata": {
        "description": "The type of resource for which to create an endpoint, this is used to determine the dns name and sub-resource types."
      }
    }
  },
  "variables": {
    "branchName": "[toLower(last(split(parameters('branchPath'), '/')))]",
    "useEnvName": "[not(equals(parameters('environmentName'), 'Prod'))]",
    "envSuffix": "[if(variables('useEnvName'), concat('-', parameters('environmentName')),'')]",
    "useBranchName": "[not(equals(variables('branchName'), 'master'))]",
    "useVersionSuffix": "[not(equals(parameters('majorVersion'), ''))]",
    "versionSuffix": "[if(variables('useVersionSuffix'),concat('-v', parameters('majorVersion')), '')]",
    //"settingsContainerName": "Settings",
    "hubSubnetId": "[resourceId(parameters('vnetResourceGroupName'), 'Microsoft.Network/virtualNetworks/subnets', parameters('hubVnetName'), parameters('hubSubnetName'))]",
    "azurePortalIPs": "104.42.195.92,40.76.54.131,52.176.6.30,52.169.50.45,52.187.184.26",
    "accountNamePrefix": "[if(startsWith(parameters('cosmosDbAccount'), 'cosmos-'),'','cosmos-')]",
    "cosmosDbAccountName": "[toLower(concat(variables('accountNamePrefix'), parameters('cosmosDbAccount'), parameters('region').prefix, variables('envSuffix')))]",
    "cosmosDbName": "[concat(parameters('cosmosDbName'), variables('versionSuffix'))]",
    "cosmosDbPrivateEndpointDeploymentName": "[concat('cosmosDbPrivateEndpoint', variables('envSuffix'))]",
    "cosmosDbPrivateEndpointName": "[if(variables('useEnvName'), concat(parameters('cosmosDbName'), '-', toLower(parameters('environmentName'))), parameters('cosmosDbName'))]",
    "cosmosPrivateEndpointSubnetId": "[resourceId(parameters('networkResourceGroup'), 'Microsoft.Network/virtualNetworks/subnets', parameters('virtualNetworkName'), parameters('cosmosSubNetName'))]",
    "resourceTypeMappings": {
      // key: must match resourceType parameter allowed values
      // resources: Refer to https://docs.microsoft.com/en-us/azure/private-link/private-endpoint-overview#private-link-resource
      // dns: Refer to https://docs.microsoft.com/en-us/azure/private-link/private-endpoint-dns
      "blob": {
        "resources": [ "blob" ],
        "dns": [ "privatelink.blob.core.windows.net" ]
      },
      "file": {
        "resources": [ "file" ],
        "dns": [ "privatelink.file.core.windows.net" ]
      },
      "queue": {
        "resources": [ "queue" ],
        "dns": [ "privatelink.queue.core.windows.net" ]
      },
      "table": {
        "resources": [ "table" ],
        "dns": [ "privatelink.table.core.windows.net" ]
      },
      "web": {
        "resources": [ "web" ],
        "dns": [ "privatelink.web.core.windows.net" ]
      },
      "dataLake": {
        "resources": [ "dfs" ],
        "dns": [ "privatelink.dfs.core.windows.net" ]
      },
      "keyVault": {
        "resources": [ "vault" ],
        "dns": [ "privatelink.vaultcore.azure.net" ]
      },
      "serviceBus": {
        "resources": [ "namespace" ],
        "dns": [ "privatelink.servicebus.windows.net" ]
      },
      "sites": {
        "resources": [ "sites" ],
        "dns": [ "privatelink.azurewebsites.net" ]
      },
      "appConfig": {
        "resources": [ "configurationStores" ],
        "dns": [ "privatelink.azconfig.io" ]
      },
      "sql": {
        "resources": [ "sql" ],
        "dns": [ "privatelink.documents.azure.com" ]
      }
    },
    "subResources": "[variables('resourceTypeMappings')[parameters('resourceType')].resources]",
    "privateLinks": "[variables('resourceTypeMappings')[parameters('resourceType')].dns]",
    "copy": [
      {
        "name": "privateLinkServiceConnections",
        "count": "[length(variables('privateLinks'))]",
        "input": {
          "name": "[replace(variables('privateLinks')[copyIndex('privateLinkServiceConnections')], '.', '-')]",
          "properties": {
            "privateDnsZoneId": "[resourceId(parameters('privateDnsZoneResourceGroupSubscription'), parameters('privateDnsZoneResourceGroup'), 'Microsoft.Network/privateDnsZones/', variables('privateLinks')[copyIndex('privateLinkServiceConnections')])]"

          }
        }
      }
    ]
  },
  "functions": [
    {
      "namespace": "local",
      "members": {
        "buildTags": {
          "parameters": [
            {
              "name": "resourceName",
              "type": "string"
            },
            {
              "name": "tags",
              "type": "object"
            }
          ],
          "output": {
            "type": "object",
            "value": "[union(parameters('tags'), json(concat('{displayName:\"',parameters('resourceName'),'\"}')))]"
          }
        }
      }
    }
  ],
  "resources": [
    {
      "type": "Microsoft.DocumentDB/databaseAccounts",
      "apiVersion": "2020-03-01",
      "name": "[variables('cosmosDbAccountName')]",
      "location": "[resourceGroup().location]",
      "tags": "[union(local.buildTags('Cosmos', parameters('sharedResourceTags')), json('{\"defaultExperience\":\"Core (SQL)\"}'))]",
      "kind": "GlobalDocumentDB",
      "properties": {
        "enableAutomaticFailover": false,
        "enableMultipleWriteLocations": false,
        "isVirtualNetworkFilterEnabled": true,
        "ipRangeFilter": "[variables('azurePortalIPs')]",
        "disableKeyBasedMetadataWriteAccess": false,
        "databaseAccountOfferType": "Standard",
        "consistencyPolicy": {
          "defaultConsistencyLevel": "Session",
          "maxIntervalInSeconds": 5,
          "maxStalenessPrefix": 100
        },
        "locations": [
          {
            "locationName": "[resourceGroup().location]",
            "provisioningState": "Succeeded",
            "failoverPriority": 0,
            "isZoneRedundant": false
          }
        ],
        "capabilities": [
        ]
      },
      "resources": [
        {
          "type": "sqlDatabases",
          "apiVersion": "2019-12-12",
          "name": "[variables('cosmosDbName')]",
          "tags": "[local.buildTags('Cosmos SQL DB', parameters('defaultTags'))]",
          "dependsOn": [
            "[resourceId('Microsoft.DocumentDB/databaseAccounts', variables('cosmosDbAccountName'))]"
          ],
          "properties": {
            "resource": {
              "id": "[variables('cosmosDbName')]"
            },
            "options": {
            }
          }
        },
        {
          "type": "providers/advancedThreatProtectionSettings",
          "name": "Microsoft.Security/current",
          "condition": "[parameters('advancedThreatProtectionEnabled')]",
          "apiVersion": "2019-01-01",
          "dependsOn": [
            "[resourceId('Microsoft.DocumentDB/databaseAccounts/', variables('cosmosDbAccountName'))]"
          ],
          "properties": {
            "isEnabled": true
          }
        },
        {
          "type": "providers/diagnosticSettings",
          "name": "microsoft.insights/diagnostics",
          "dependsOn": [
            "[resourceId('Microsoft.DocumentDB/databaseAccounts/', variables('cosmosDbAccountName'))]"
          ],
          "apiVersion": "2017-05-01-preview",
          "properties": {
            "name": "diagnostics",
            "storageAccountId": "[parameters('diagnosticsStorageResourceId')]",
            "workspaceId": "[parameters('diagnosticsWorkspaceResourceId')]",
            "logs": [
              {
                "category": "DataPlaneRequests",
                "enabled": true
              },
              {
                "category": "QueryRuntimeStatistics",
                "enabled": true
              },
              {
                "category": "PartitionKeyStatistics",
                "enabled": true
              },
              {
                "category": "PartitionKeyRUConsumption",
                "enabled": true
              },
              {
                "category": "ControlPlaneRequests",
                "enabled": true
              }
            ],
            "metrics": [
              {
                "category": "Requests",
                "enabled": true
              }
            ]
          }
        },
        // Cosmos Db Private Endpoint
        {
          "name": "[variables('cosmosDbPrivateEndpointDeploymentName')]",
          "type": "Microsoft.Network/privateEndpoints",
          "apiVersion": "2021-08-01",
          "comments": "This deployment creates the private endpoint for cosmos db",
          "location": "[resourceGroup().location]",
          "dependsOn": [
            "[resourceId('Microsoft.DocumentDB/databaseAccounts/', variables('cosmosDbAccountName'))]"
          ],
          "properties": {
            "subnet": {
              "id": "[variables('cosmosPrivateEndpointSubnetId')]"
            },
            "privateLinkServiceConnections": [
              {
                "name": "[variables('cosmosDbPrivateEndpointName')]",
                "properties": {
                  "privateLinkServiceId": "[resourceId(resourceGroup().name, 'Microsoft.DocumentDB/databaseAccounts', variables('cosmosDbAccountName'))]",
                  "groupIds": "[variables('subResources')]"
                }
              }
            ]
          },
          "resources": [
            {
              "name": "cosmosPrivateDNSGroup",
              "type": "privateDnsZoneGroups",
              "apiVersion": "2020-06-01",
              "location": "[resourceGroup().location]",
              "dependsOn": [
                "[resourceId('Microsoft.Network/privateEndpoints', variables('cosmosDbPrivateEndpointDeploymentName'))]"
              ],
              "properties": {
                "privateDnsZoneConfigs": "[variables('privateLinkServiceConnections')]"
              }
            }
          ]
        }
      ]
    },
    {
      "type": "Microsoft.KeyVault/vaults/secrets",
      "name": "[concat(parameters('keyVaultName'), '/', parameters('connectionStringSecretName'))]",
      "apiVersion": "2018-02-14",
      "dependsOn": [
        "[resourceId('Microsoft.DocumentDB/databaseAccounts', variables('cosmosDbAccountName'))]"
      ],
      "tags": "[local.buildTags('Key Vault Secret', parameters('sharedResourceTags'))]",
      "properties": {
        "value": "[listConnectionStrings(resourceId(resourceGroup().name, 'Microsoft.DocumentDB/databaseAccounts', variables('cosmosDbAccountName')), '2019-12-12').connectionStrings[0].connectionString]"
      }
    },
    {
      "type": "Microsoft.KeyVault/vaults/secrets",
      "name": "[concat(parameters('keyVaultName'), '/', parameters('accountKeySecretName'))]",
      "apiVersion": "2018-02-14",
      "dependsOn": [
        "[resourceId('Microsoft.DocumentDB/databaseAccounts', variables('cosmosDbAccountName'))]"
      ],
      "tags": "[local.buildTags('Key Vault Secret', parameters('sharedResourceTags'))]",
      "properties": {
        "value": "[listKeys(resourceId(resourceGroup().name, 'Microsoft.DocumentDB/databaseAccounts', variables('cosmosDbAccountName')), '2019-12-12').primaryMasterKey]"
      }
    }
  ],
  "outputs": {
    "CosmosDbConnectionStringSecretUrl": {
      "type": "string",
      "value": "[reference(resourceId('Microsoft.KeyVault/vaults/secrets', parameters('keyVaultName'),parameters('connectionStringSecretName'))).secretUriWithVersion]"
    },
    "CosmosDbAccountKeySecretUrl": {
      "type": "string",
      "value": "[reference(resourceId('Microsoft.KeyVault/vaults/secrets', parameters('keyVaultName'),parameters('accountKeySecretName'))).secretUriWithVersion]"
    },
    "CosmosDbAccountUrl": {
      "type": "string",
      "value": "[reference(resourceId(resourceGroup().name, 'Microsoft.DocumentDB/databaseAccounts', variables('cosmosDbAccountName')), '2019-12-12').documentEndpoint]"
    },
    "CosmosSqlDbName": {
      "type": "string",
      "value": "[variables('cosmosDbName')]"
    }
  }
}
