{
    "$schema": "https://schema.management.azure.com/schemas/2019-04-01/deploymentTemplate.json#",
    "contentVersion": "1.0.0.0",
    "parameters": {
        "appConfigName": {
            "type": "string",
            "minLength": 3,
            "metadata": {
                "description": "The name of the app configuration to populate with the key-values"
            }
        },
        "configurationItems": {
            "type": "Array",
            "metadata": {
                "description": "The object containing keyValues.",
                "sampleValue": [
                    {
                        "name": "keyName",
                        "value": "keyValue",
                        "label": "$sampleLabel"
                    }
                ]
            },
            "defaultValue": []
        },
        "keyVaultItems": {
            "type": "Array",
            "metadata": {
                "description": "The object containing keyvalues with keyvault references.",
                "sampleValue" : [
                    {
                        "name": "keyName",
                        "value": "keyVaultRefereceSecretUri",
                        "label": "$sampleLabel"
                    }
                ]
            },
            "defaultValue": []
        },
        "featureFlagItems": {
            "type": "Array",
            "metadata": {
                "description": "The object containing feature flags.",
                "sampleValue": [
                    {
                        "name": "ffSampleFeatureName", // Name should be same as id
                        "label": "$sampleLabel",
                        "value": {
                            "id": "ffSampleFeatureName",
                            "description": "Feature flag for sample feature name",
                            "enabled": true
                        }
                    }
                ]
            },
            "defaultValue": []
        },
        "sharedResourceTags": {
            "type": "object",
            "defaultValue": {},
            "metadata": {
                "description": "Shared resource tags"
            }
        }
    },
    "variables": {
    },
    "functions": [
        {
            "namespace": "local",
            "members": {
                "buildTags": {
                    "parameters": [
                        {
                            "name": "resourceName",
                            "type": "string"
                        },
                        {
                            "name": "tags",
                            "type": "object"
                        }
                    ],
                    "output": {
                        "type": "object",
                        "value": "[union(parameters('tags'), json(concat('{displayName:\"',parameters('resourceName'),'\"}')))]"
                    }
                },
                "keyVaultLookup": {
                    "parameters": [
                        {
                            "name": "secretUri",
                            "type": "string"
                        }
                    ],
                    "output": {
                        "type": "string",
                        "value": "[format('@Microsoft.KeyVault(SecretUri={0})', parameters('secretUri'))]"
                    }
                },
                "appConfigurise": {
                    "parameters": [
                        {
                        "name": "uri",
                        "type": "string"
                        }
                    ],
                    "output": {
                        "type": "string",
                        "value": "[replace(replace(uriComponent(parameters('uri')), '~', '~7E'), '%', '~')]"
                    }
                }
            }
        }
    ],
    "resources": [
        {
            "type": "Microsoft.AppConfiguration/configurationStores/keyValues",
            "name": "[concat(parameters('appConfigName'), '/', local.appConfigurise(parameters('configurationItems')[copyIndex()].name), parameters('configurationItems')[copyIndex()].label)]",
            "apiVersion": "2021-10-01-preview",
            "tags": "[local.buildTags('App Configuration KeyValues', parameters('sharedResourceTags'))]",
            "properties": {
                "value": "[parameters('configurationItems')[copyIndex()].value]"
            },
            "copy": {
                "name": "configurationItems",
                "count": "[length(parameters('configurationItems'))]"
            }
        },
        {
            "type": "Microsoft.AppConfiguration/configurationStores/keyValues",
            "name": "[concat(parameters('appConfigName'), '/', local.appConfigurise(parameters('keyVaultItems')[copyIndex()].name), parameters('keyVaultItems')[copyIndex()].label)]",
            "apiVersion": "2021-10-01-preview",
            "properties": {
                "value": "[local.keyVaultLookup(parameters('keyVaultItems')[copyIndex()].value)]",
                "contentType": "application/vnd.microsoft.appconfig.keyvaultref+json;charset=utf-8"
            },
            "copy": {
                "name": "keyVaultItems",
                "count": "[length(parameters('keyVaultItems'))]"
            }
        },
        {
            "type": "Microsoft.AppConfiguration/configurationStores/keyValues",
            "name": "[concat(parameters('appConfigName'), '/', local.appConfigurise(concat('.appconfig.featureflag/', parameters('featureFlagItems')[copyIndex()].name)), parameters('featureFlagItems')[copyIndex()].label)]",
            "apiVersion": "2021-10-01-preview",
            "properties": {
                "value": "[string(parameters('featureFlagItems')[copyIndex()].value)]",
                "contentType": "application/vnd.microsoft.appconfig.ff+json;charset=utf-8"
            },
            "copy": {
                "name": "featureFlagItems",
                "count": "[length(parameters('featureFlagItems'))]"
            }
        }
    ],
    "outputs": {
    }
}