{
  "$schema": "https://schema.management.azure.com/schemas/2019-04-01/deploymentTemplate.json#",
  "contentVersion": "1.0.0.0",
  "parameters": {
    "funcAppName": {
      "type": "string"
    },
    "functionStorageConnectionString": {
      "type": "string"
    },
    "websiteContentConnectionString": {
      "type": "string",
      "defaultValue": "[parameters('functionStorageConnectionString')]"
    },
    "appInsightsInstrumentationKey": {
      "type": "SecureString"
    },
    "keyVaultItems": {
      "type": "Array",
      "defaultValue": []
    },
    "items": {
      "type": "Array",
      "defaultValue": []
    },
    "functionsWorkerRuntime": {
      "type": "string",
      "defaultValue": "dotnet"
    },
    "unauthenticatedClientAction": {
      "type": "string",
      "defaultValue": "RedirectToLoginPage"
    },
    "defaultProvider": {
      "type": "string",
      "defaultValue": "AzureActiveDirectory"
    },
    "clientId": {
      "type": "string",
      "defaultValue": ""
    },
    "vnetIntegration": {
      "type": "bool",
      "defaultValue": false
    },
    "hostId": {
      "type": "string",
      "metadata": {
        "description": "The host id to use"
      },
      "defaultValue": ""
    },
    "allowedAudiences": {
      "type": "Array",
      "metadata": {
        "description": "Allowed audience values to consider when validating JWTs issued by Azure Active Directory"
      },
      "defaultValue": []
    },
    "functionAppVersion" : {
      "type" : "string",
      "metadata" : {
        "description" : "The Function App Version to be used for function apps. Should be ~3 or ~4 (default is ~3)"
      },
      "defaultValue" : "~3"
    }
  },
  "variables": {
    "hostIdConfig": "[if(empty(parameters('hostId')), json('{}'), json(concat('{\"AzureFunctionsWebHost__hostId\":\"', parameters('hostId'),'\"}')) )]",
    "baseConfigVnetIntegrated": {
      // Refer to the following links before making WEBSITE_CONTENTAZUREFILECONNECTIONSTRING a keyvault lookup again 
      // https://github.com/Azure/Azure-Functions/issues/1195 
      // https://github.com/Azure/azure-functions-host/issues/5306
      //"WEBSITE_CONTENTAZUREFILECONNECTIONSTRING": "[local.keyVaultLookup(parameters('functionStorageConnectionStringSecretUrl'))]", 
      "WEBSITE_CONTENTAZUREFILECONNECTIONSTRING": "[parameters('websiteContentConnectionString')]",
      "AzureWebJobsStorage": "[if(contains(parameters('functionStorageConnectionString'), environment().suffixes.keyvaultDns) , local.keyVaultLookup(parameters('functionStorageConnectionString')), parameters('functionStorageConnectionString'))]",
      "WEBSITE_CONTENTSHARE": "[parameters('funcAppName')]",
      "FUNCTIONS_EXTENSION_VERSION": "[parameters('functionAppVersion')]",
      "FUNCTIONS_WORKER_RUNTIME": "[parameters('functionsWorkerRuntime')]",
      "AzureWebJobsDisableHomepage": true,
      "Logging-ApplicationInsights:ApplicationInsightsKey": "[parameters('appInsightsInstrumentationKey')]",
      "APPINSIGHTS_INSTRUMENTATIONKEY": "[parameters('appInsightsInstrumentationKey')]",
      "WEBSITE_ENABLE_SYNC_UPDATE_SITE": true,
      "WEBSITE_CONTENTOVERVNET": "1",
      "WEBSITE_VNET_ROUTE_ALL": "1",
      "WEBSITE_DNS_SERVER": "168.63.129.16"
    },
    "baseConfigWithoutVnetIntegration": {
      "AzureWebJobsStorage": "[if(contains(parameters('functionStorageConnectionString'), environment().suffixes.keyvaultDns) , local.keyVaultLookup(parameters('functionStorageConnectionString')), parameters('functionStorageConnectionString'))]",
      "FUNCTIONS_EXTENSION_VERSION": "[parameters('functionAppVersion')]",
      "FUNCTIONS_WORKER_RUNTIME": "[parameters('functionsWorkerRuntime')]",
      "AzureWebJobsDisableHomepage": true,
      "Logging-ApplicationInsights:ApplicationInsightsKey": "[parameters('appInsightsInstrumentationKey')]",
      "APPINSIGHTS_INSTRUMENTATIONKEY": "[parameters('appInsightsInstrumentationKey')]"
    },
    "baseConfig": "[if(parameters('vnetIntegration'), variables('baseConfigVnetIntegrated'), variables('baseConfigWithoutVnetIntegration'))]",
    "issuer": "[concat('https://login.microsoftonline.com/', subscription().tenantId)]",
    "copy": [
      {
        "name": "keyVaultItems",
        "count": "[length(parameters('keyVaultItems'))]",
        "input": {
          "[parameters('keyVaultItems')[copyIndex('keyVaultItems')].name]": "[local.keyVaultLookup(parameters('keyVaultItems')[copyIndex('keyVaultItems')].value)]"
        }
      },
      {
        "name": "items",
        "count": "[length(parameters('items'))]",
        "input": {
          "[parameters('items')[copyIndex('items')].name]": "[parameters('items')[copyIndex('items')].value]"
        }
      }
    ],
    "props": "[union(variables('baseConfig'), json(local.flattenArray(variables('keyVaultItems'))) , json(local.flattenArray(variables('items'))), variables('hostIdConfig'))]"
  },
  "functions": [
    {
      "namespace": "local",
      "members": {
        "keyVaultLookup": {
          "parameters": [
            {
              "name": "secretUri",
              "type": "string"
            }
          ],
          "output": {
            "type": "string",
            "value": "[format('@Microsoft.KeyVault(SecretUri={0})', parameters('secretUri'))]"
          }
        },
        "flattenArray": {
          "parameters": [
            {
              "name": "arrayOfJson",
              "type": "Array"
            }
          ],
          "output": {
            "type": "string",
            "value": "[concat('{',replace(replace(replace(replace(string(parameters('arrayOfJson')), '{',''),'}',''),'[',''),']',''),'}')]"
          }
        }
      }
    }
  ],
  "resources": [
    {
      //Docs https://docs.microsoft.com/en-us/azure/templates/microsoft.web/2019-04-01/sites/config-appsettings
      "apiVersion": "2019-04-01",
      "type": "Microsoft.Web/sites/config",
      "name": "[concat(parameters('funcAppName'),'/appsettings')]",
      "dependsOn": [
      ],
      "properties": "[variables('props')]"
    },
    {
      "name": "[concat(parameters('funcAppName'),'/authsettings')]",
      "type": "Microsoft.Web/sites/config",
      "apiVersion": "2020-09-01",
      "condition": "[and(not(empty(parameters('unauthenticatedClientAction'))), not(empty(parameters('defaultProvider'))), not(empty(parameters('clientID'))))]",
      "dependsOn": [
      ],
      "properties": {
        "enabled": true,
        "unauthenticatedClientAction": "[parameters('unauthenticatedClientAction')]",
        "tokenStoreEnabled": true,
        "defaultProvider": "[parameters('defaultProvider')]",
        "clientId": "[parameters('clientId')]",
        "issuer": "[variables('issuer')]",
        "allowedAudiences": "[parameters('allowedAudiences')]"
      }
    }
  ],
  "outputs": {
    "properties": {
      "type": "Object",
      "value": "[variables('props')]"
    }
  }
}