{
  "$schema": "https://schema.management.azure.com/schemas/2019-04-01/deploymentTemplate.json#",
  "contentVersion": "1.0.0.0",
  "parameters": {
    "cosmosDbAccount": {
      "type": "string",
      // "defaultValue": "ob-cosmos",
      "metadata": {
        "description": "The database account name"
      }
    },
    "cosmosDbName": {
      "type": "string",
      // "defaultValue": "open-banking",
      "metadata": {
        "description": "The database name"
      }
    },
    "defaultTags": {
      "type": "object",
      "defaultValue": {
      },
      "metadata": {
        "description": "Tags for resources that are created per branch"
      }
    },
    "sharedResourceTags": {
      "type": "object",
      "defaultValue": {
      },
      "metadata": {
        "description": "Tags for resources that are shared across an environment"
      }
    },
    "environmentName": {
      "type": "string",
      "metadata": {
        "description": "The environment (e.g. Dev, SIT, UAT, Prod)"
      },
      "defaultValue": "Dev",
      "minLength": 1
    },
    "branchPath": {
      "type": "string",
      "metadata": {
        "description": "The branch path"
      },
      "defaultValue": ""
    },
    "advancedThreatProtectionEnabled": {
      "type": "bool",
      "defaultValue": true,
      "metadata": {
        "description": "Enable or disable Advanced Threat Protection."
      }
    },
    "vnetName": {
      "type": "string",
      // "defaultValue": "np-edc-shareddedicated-vnet01",
      "metadata": {
        "description": "Virtual Network name."
      }
    },
    "subnetName": {
      "type": "string",
      // "defaultValue": "np-edc-shareddedicated-boqgroup-dev-ase-sub01",
      "metadata": {
        "description": "Subnet Name within the Virtual Network."
      }
    },
    "vnetResourceGroupName": {
      "type": "string",
      // "defaultValue": "np-edc-network-rg01",
      "metadata": {
        "description": "The Resource Group containing the Virtual Network"
      }
    },
    "keyVaultName": {
      "type": "string",
      "minLength": 3,
      "metadata": {
        "description": "The name of the keyvault to populate with the cosmos account connection string"
      }
    },
    "connectionStringSecretName": {
      "type": "string",
      "defaultValue": "CosmosDbConnectionString",
      "metadata": {
        "description": "The name of the secret for the cosmos account connection string"
      }
    },
    "accountKeySecretName": {
      "type": "string",
      "defaultValue": "CosmosDbAccountKey",
      "metadata": {
        "description": "The name of the secret for the cosmos account key"
      }
    },
    "majorVersion": {
      "type": "string",
      "metadata": {
        "description": "The major version of the application"
      }
    },
    "hubVnetName": {
      "type": "string",
      // "defaultValue": "np-edc-hub-vnet01",
      "metadata": {
        "description": "Hub virtual network name."
      }
    },
    "hubSubnetName": {
      "type": "string",
      // "defaultValue": "hub-fwpub-sub01",
      "metadata": {
        "description": "Subnet Name within the Hub Virtual Network."
      }
    },
    "diagnosticsWorkspaceResourceId": {
        "type": "string",
        "metadata":{
            "description": "Resource Id for Log Analytics Workspace"
        }
    },
    "diagnosticsStorageResourceId": {
        "type": "string",
        "metadata":{
            "description": "Resource Id for Log Analytics Workspace"
        }
    },
    "region": {
        "type": "Object",
        "metadata": {
            "description": "The output from a GetRegion deployment. { prefix: string, isPrimary:bool }"
        },
        "defaultValue": {
            "prefix": "",
            "isPrimary": true
        }
    }
  },
  "variables": {
    "branchName": "[toLower(last(split(parameters('branchPath'), '/')))]",
    "useEnvName": "[not(equals(parameters('environmentName'), 'Prod'))]",
    "envSuffix": "[if(variables('useEnvName'), concat('-', parameters('environmentName')),'')]",
    "useBranchName": "[not(equals(variables('branchName'), 'master'))]",
    "branchSuffix": "[if(variables('useBranchName'),concat('-',variables('branchName')),'')]",
    "useVersionSuffix": "[not(equals(parameters('majorVersion'), ''))]",
    "versionSuffix": "[if(variables('useVersionSuffix'),concat('-v', parameters('majorVersion')), '')]",
    //"settingsContainerName": "Settings",
    "hubSubnetId": "[resourceId(parameters('vnetResourceGroupName'), 'Microsoft.Network/virtualNetworks/subnets', parameters('hubVnetName'), parameters('hubSubnetName'))]",
    "subnetId": "[resourceId(parameters('vnetResourceGroupName'), 'Microsoft.Network/virtualNetworks/subnets', parameters('vnetName'), parameters('subnetName'))]",
    "azurePortalIPs": "104.42.195.92,40.76.54.131,52.176.6.30,52.169.50.45,52.187.184.26",
    "accountNamePrefix": "[if(startsWith(parameters('cosmosDbAccount'), 'cosmos-'),'','cosmos-')]",
    "cosmosDbAccountName": "[toLower(concat(variables('accountNamePrefix'), parameters('cosmosDbAccount'), parameters('region').prefix, variables('envSuffix')))]",
    "cosmosDbName": "[concat(parameters('cosmosDbName'), variables('versionSuffix'), variables('branchSuffix'))]"
  },
  "functions": [
    {
      "namespace": "local",
      "members": {
        "buildTags": {
          "parameters": [
            {
              "name": "resourceName",
              "type": "string"
            },
            {
              "name": "tags",
              "type": "object"
            }
          ],
          "output": {
            "type": "object",
            "value": "[union(parameters('tags'), json(concat('{displayName:\"',parameters('resourceName'),'\"}')))]"
          }
        }
      }
    }
  ],
  "resources": [
    {
      "type": "Microsoft.DocumentDB/databaseAccounts",
      "apiVersion": "2020-03-01",
      "name": "[variables('cosmosDbAccountName')]",
      "location": "[resourceGroup().location]",
      "tags": "[union(local.buildTags('Cosmos', parameters('sharedResourceTags')), json('{\"defaultExperience\":\"Core (SQL)\"}'))]",
      "kind": "GlobalDocumentDB",
      "properties": {
        "enableAutomaticFailover": false,
        "enableMultipleWriteLocations": false,
        "isVirtualNetworkFilterEnabled": true,
        "ipRangeFilter": "[variables('azurePortalIPs')]",
        "virtualNetworkRules": [
          {
            "id": "[variables('hubSubnetId')]", // /hub subnet :  /subscriptions/43a448ab-c2b2-4fc8-9c27-ed4e9fd05a79/resourceGroups/np-edc-network-rg01/providers/Microsoft.Network/virtualNetworks/np-edc-hub-vnet01/subnets/hub-fwpub-sub01"
            "ignoreMissingVNetServiceEndpoint": false //Create firewall rule to enable DAW access to cosmos
          },
          {
            "id": "[variables('subnetId')]", // /subscriptions/43a448ab-c2b2-4fc8-9c27-ed4e9fd05a79/resourceGroups/np-edc-network-rg01/providers/Microsoft.Network/virtualNetworks/np-edc-shareddedicated-vnet01/subnets/np-edc-shareddedicated-boqgroup-dev-ase-sub01
            "ignoreMissingVNetServiceEndpoint": false //Create firewall rule before the virtual network has vnet service endpoint enabled.
          }
        ],
        "disableKeyBasedMetadataWriteAccess": false,
        "databaseAccountOfferType": "Standard",
        "consistencyPolicy": {
          "defaultConsistencyLevel": "Session",
          "maxIntervalInSeconds": 5,
          "maxStalenessPrefix": 100
        },
        "locations": [
          {
            "locationName": "[resourceGroup().location]",
            "provisioningState": "Succeeded",
            "failoverPriority": 0,
            "isZoneRedundant": false
          }
        ],
        "capabilities": [
        ]
      },
      "resources": [
        {
          "type": "sqlDatabases",
          "apiVersion": "2019-12-12",
          "name": "[variables('cosmosDbName')]",
          "tags": "[local.buildTags('Cosmos SQL DB', parameters('defaultTags'))]",
          "dependsOn": [
            "[resourceId('Microsoft.DocumentDB/databaseAccounts', variables('cosmosDbAccountName'))]"
          ],
          "properties": {
            "resource": {
              "id": "[variables('cosmosDbName')]"
            },
            "options": {
            }
          }
        },
        {
          "type": "providers/advancedThreatProtectionSettings",
          "name": "Microsoft.Security/current",
          "condition": "[parameters('advancedThreatProtectionEnabled')]",
          "apiVersion": "2019-01-01",
          "dependsOn": [
            "[resourceId('Microsoft.DocumentDB/databaseAccounts/', variables('cosmosDbAccountName'))]"
          ],
          "properties": {
            "isEnabled": true
          }
        },
        {
          "type": "providers/diagnosticSettings",
          "name": "microsoft.insights/diagnostics",
          "dependsOn": [
              "[resourceId('Microsoft.DocumentDB/databaseAccounts/', variables('cosmosDbAccountName'))]"
          ],
          "apiVersion": "2017-05-01-preview",
          "properties": {
              "name": "diagnostics",
              "storageAccountId": "[parameters('diagnosticsStorageResourceId')]",
              "workspaceId": "[parameters('diagnosticsWorkspaceResourceId')]",
              "logs": [
                  {
                      "category": "DataPlaneRequests",
                      "enabled": true
                  },
                  {
                      "category": "QueryRuntimeStatistics",
                      "enabled": true
                  },
                  {
                      "category": "PartitionKeyStatistics",
                      "enabled": true
                  },
                  {
                      "category": "PartitionKeyRUConsumption",
                      "enabled": true
                  },
                  {
                      "category": "ControlPlaneRequests",
                      "enabled": true
                  }
              ],
              "metrics": [
                  {
                      "category": "Requests",
                      "enabled": true
                  }
              ]
          }
        }
      ]
    },
    {
      "type": "Microsoft.KeyVault/vaults/secrets",
      "name": "[concat(parameters('keyVaultName'), '/', parameters('connectionStringSecretName'))]",
      "apiVersion": "2018-02-14",
      "dependsOn": [
        "[resourceId('Microsoft.DocumentDB/databaseAccounts', variables('cosmosDbAccountName'))]"
      ],
      "tags": "[local.buildTags('Key Vault Secret', parameters('sharedResourceTags'))]",
      "properties": {
        "value": "[listConnectionStrings(resourceId(resourceGroup().name, 'Microsoft.DocumentDB/databaseAccounts', variables('cosmosDbAccountName')), '2019-12-12').connectionStrings[0].connectionString]"
      }
    },
    {
      "type": "Microsoft.KeyVault/vaults/secrets",
      "name": "[concat(parameters('keyVaultName'), '/', parameters('accountKeySecretName'))]",
      "apiVersion": "2018-02-14",
      "dependsOn": [
        "[resourceId('Microsoft.DocumentDB/databaseAccounts', variables('cosmosDbAccountName'))]"
      ],
      "tags": "[local.buildTags('Key Vault Secret', parameters('sharedResourceTags'))]",
      "properties": {
        "value": "[listKeys(resourceId(resourceGroup().name, 'Microsoft.DocumentDB/databaseAccounts', variables('cosmosDbAccountName')), '2019-12-12').primaryMasterKey]"
      }
    }
  ],
  "outputs": {
    "CosmosDbConnectionStringSecretUrl": {
      "type": "string",
      "value": "[reference(resourceId('Microsoft.KeyVault/vaults/secrets', parameters('keyVaultName'),parameters('connectionStringSecretName'))).secretUriWithVersion]"
    },
    "CosmosDbAccountKeySecretUrl": {
      "type": "string",
      "value": "[reference(resourceId('Microsoft.KeyVault/vaults/secrets', parameters('keyVaultName'),parameters('accountKeySecretName'))).secretUriWithVersion]"
    },
    "CosmosDbAccountUrl": {
      "type": "string",
      "value": "[reference(resourceId(resourceGroup().name, 'Microsoft.DocumentDB/databaseAccounts', variables('cosmosDbAccountName')), '2019-12-12').documentEndpoint]"
    },
    "CosmosSqlDbName": {
      "type": "string",
      "value": "[variables('cosmosDbName')]"
    }
  }
}